Date,Mkt-RF,SMB,HML,RMW,CMA,RF,Mom
2020-05-15,0.005699999999999999,0.013300000000000001,-0.0115,0.0002,-0.0076,0.0,0.0066
2020-05-19,-0.0101,-0.0078000000000000005,-0.0151,0.0053,-0.0070999999999999995,0.0,0.0113
2020-05-20,0.018000000000000002,0.012199999999999999,0.0132,-0.0028000000000000004,-0.0033,0.0,-0.0151
2020-05-21,-0.0070999999999999995,0.0074,0.0042,0.0013,0.0003,0.0,-0.012199999999999999
2020-05-22,0.0027,0.0025,-0.0085,-0.005600000000000001,-0.0038,0.0,0.0085
2020-05-29,0.006,-0.008100000000000001,-0.019799999999999998,-0.0033,-0.004699999999999999,0.0,0.023
2020-06-01,0.0051,0.0026,0.0043,0.0001,-0.0023,0.0,-0.020099999999999996
2020-06-02,0.008100000000000001,0.0006,0.0055000000000000005,0.0011,0.0029,0.0,-0.0131
2020-06-15,0.0108,0.0143,-0.0038,-0.0077,-0.0029,0.0,0.0069
2020-06-16,0.018799999999999997,0.0060999999999999995,0.0049,0.0063,0.002,0.0,-0.009000000000000001
2020-06-17,-0.0040999999999999995,-0.013500000000000002,-0.0197,-0.005600000000000001,-0.0024,0.0,0.0291
2020-06-18,0.0018,0.0001,-0.0054,-0.004,-0.0023,0.0,-0.0011
2020-06-19,-0.0045000000000000005,-0.0015,-0.0067,-0.0070999999999999995,-0.003,0.0,0.0115
2020-06-22,0.0070999999999999995,0.004699999999999999,-0.013600000000000001,-0.0038,-0.0036,0.0,0.0147
2020-06-23,0.0040999999999999995,0.0021,-0.006,0.0059,-0.0012,0.0,0.0031
2020-06-25,0.0113,0.0034000000000000002,0.0051,-0.008199999999999999,0.0017000000000000001,0.0,-0.0051
2020-06-26,-0.024300000000000002,-0.0019,-0.0139,0.0002,0.0072,0.0,0.0128
2020-06-29,0.015,0.0148,0.018600000000000002,0.0149,0.0039000000000000003,0.0,-0.0258
2020-06-30,0.0158,-0.0001,-0.0001,-0.0039000000000000003,-0.0027,0.0,0.011899999999999999
2020-07-02,0.0051,0.0001,-0.0014000000000000002,0.0042,0.0013,0.0,0.0018
2020-07-06,0.0166,-0.0067,0.0034000000000000002,0.0027,0.0004,0.0,-0.0006
2020-07-07,-0.0101,-0.0098,-0.015,-0.0111,-0.0008,0.0,0.026000000000000002
2020-07-08,0.0089,0.0008,-0.0046,-0.0042,-0.003,0.0,0.0073
2020-07-13,-0.011899999999999999,-0.0027,0.020499999999999997,0.0106,0.0113,0.0,-0.0134
2020-07-14,0.013600000000000001,0.0039000000000000003,-0.0029,-0.0002,0.004699999999999999,0.0,0.0074
2020-07-16,-0.0038,-0.0015,0.0083,0.0025,0.0034000000000000002,0.0,0.0038
2020-07-17,0.003,-0.0016,-0.0143,-0.0109,0.0,0.0,0.018500000000000003
2020-07-22,0.005,-0.0064,-0.0037,0.0049,0.0002,0.0,0.0058
2020-07-23,-0.012,0.012199999999999999,0.019799999999999998,-0.0021,0.0017000000000000001,0.0,-0.0183
2020-07-24,-0.0074,-0.008,0.0046,0.0027,0.0002,0.0,-0.0004
2020-07-27,0.0088,0.003,-0.020099999999999996,-0.0019,0.0009,0.0,0.022400000000000003
2020-07-28,-0.008100000000000001,-0.0046,0.01,0.0029,0.0012,0.0,-0.008100000000000001
2020-07-29,0.013600000000000001,0.0064,0.0091,0.0024,0.0015,0.0,-0.0084
2020-07-30,-0.0029,-0.0001,-0.018500000000000003,-0.005699999999999999,-0.0016,0.0,0.024700000000000003
2020-08-03,0.0097,0.0109,-0.008199999999999999,-0.0027,0.0034999999999999996,0.0,0.0175
2020-08-04,0.0037,0.0043,0.0004,0.0012,0.001,0.0,-0.009300000000000001
2020-08-05,0.0078000000000000005,0.0124,0.008199999999999999,0.0019,-0.0013,0.0,-0.0129
2020-08-06,0.0053,-0.0059,-0.0084,0.005699999999999999,0.0006,0.0,0.004
2020-08-07,0.0002,0.0158,0.024,0.0052,0.0019,0.0,-0.0208
2020-08-10,0.0023,0.0132,0.0172,0.0084,0.0124,0.0,-0.0276
2020-08-11,-0.0083,0.002,0.016200000000000003,0.009000000000000001,0.0003,0.0,-0.0219
2020-08-12,0.013999999999999999,-0.0083,-0.013300000000000001,0.009300000000000001,-0.0013,0.0,0.018600000000000002
2020-08-13,-0.0002,-0.0015,-0.0132,-0.0063,-0.0054,0.0,0.0154
2020-08-14,-0.0004,0.0005,0.0109,0.0042,0.0018,0.0,-0.012199999999999999
2020-08-17,0.0045000000000000005,0.0004,-0.019299999999999998,-0.008,-0.005,0.0,0.0235
2020-08-18,0.0023,-0.013300000000000001,-0.014199999999999999,0.0002,-0.0055000000000000005,0.0,0.0172
2020-08-19,-0.0038,0.0049,0.0009,-0.0004,-0.0014000000000000002,0.0,0.0004
2020-08-20,0.0031,-0.0097,-0.0155,0.001,-0.005,0.0,0.0139
2020-08-21,0.0026,-0.0124,-0.0044,0.006,0.0068000000000000005,0.0,0.008199999999999999
2020-08-24,0.0092,0.002,0.0258,0.011200000000000002,0.005699999999999999,0.0,-0.0332
2020-08-25,0.0034999999999999996,0.0,-0.0064,-0.0046,-0.0069,0.0,0.0103
2020-08-27,0.0018,-0.0001,0.0095,0.005699999999999999,-0.0049,0.0,-0.021400000000000002
2020-08-28,0.006999999999999999,0.0036,-0.0022,0.0014000000000000002,-0.0008,0.0,-0.0092
2020-08-31,-0.0004,-0.009300000000000001,-0.0174,-0.006999999999999999,-0.0016,0.0,0.0179
2020-09-01,0.0092,0.0021,-0.0031,0.0060999999999999995,0.0009,0.0,0.0131
2020-09-02,0.0127,-0.0026,-0.0045000000000000005,0.0077,-0.0038,0.0,-0.0031
2020-09-04,-0.0087,0.0034999999999999996,0.0207,0.0078000000000000005,0.0088,0.0,-0.023
2020-09-08,-0.029300000000000003,0.009000000000000001,-0.003,-0.0072,-0.0058,0.0,-0.0008
2020-09-10,-0.016399999999999998,0.0038,-0.0006,-0.0039000000000000003,-0.0034999999999999996,0.0,0.0038
2020-09-11,-0.0005,-0.0062,0.009000000000000001,0.0023,0.004699999999999999,0.0,-0.0043
2020-09-14,0.0158,0.0101,-0.008,-0.008199999999999999,0.0002,0.0,-0.0012
2020-09-15,0.005699999999999999,-0.0063,-0.0147,0.0013,-0.004,0.0,0.0116
2020-09-16,-0.004,0.0121,0.0131,-0.009300000000000001,0.0024,0.0,-0.0252
2020-09-17,-0.0085,0.0048,0.0021,0.0006,0.0060999999999999995,0.0,-0.0049
2020-09-18,-0.0089,0.0078000000000000005,-0.002,-0.0111,-0.0046,0.0,0.0096
2020-09-22,0.0101,-0.0049,-0.016,0.0059,-0.0051,0.0,0.019
2020-09-23,-0.024700000000000003,-0.0066,0.0016,0.0019,-0.0018,0.0,0.003
2020-09-24,0.0026,-0.0019,0.0038,0.0051,0.0014000000000000002,0.0,-0.0008
2020-09-25,0.0171,-0.0017000000000000001,-0.013500000000000002,-0.005,-0.006999999999999999,0.0,0.008
2020-09-28,0.0165,0.0088,0.0106,0.0040999999999999995,0.0021,0.0,-0.0087
2020-09-29,-0.0042,0.0040999999999999995,-0.0132,-0.0078000000000000005,-0.0059,0.0,0.0166
2020-09-30,0.0079,-0.0068000000000000005,0.0015,0.0034000000000000002,0.0011,0.0,0.0017000000000000001
2020-10-01,0.0079,0.008,-0.0055000000000000005,-0.0002,-0.005600000000000001,0.0,0.0118
2020-10-02,-0.0097,0.0169,0.024300000000000002,0.0058,0.0034000000000000002,0.0,-0.0269
2020-10-05,0.0194,0.009000000000000001,-0.0009,-0.004699999999999999,0.0008,0.0,0.0059
2020-10-06,-0.0128,0.0083,0.0025,-0.0052,-0.0006,0.0,-0.0008
2020-10-07,0.0184,0.0053,0.0014000000000000002,-0.0031,0.001,0.0,0.0011
2020-10-08,0.008,0.0025,0.0106,0.0027,0.0031,0.0,-0.019299999999999998
2020-10-09,0.009300000000000001,-0.0032,-0.0143,-0.0015,-0.0029,0.0,0.02
2020-10-12,0.0154,-0.0101,-0.001,0.0079,0.0036,0.0,0.0037
2020-10-13,-0.0042,-0.0019,-0.0174,-0.0086,-0.0095,0.0,0.0235
2020-10-14,-0.006500000000000001,0.0001,0.0003,0.0034000000000000002,0.0068000000000000005,0.0,-0.0037
2020-10-15,-0.0008,0.011699999999999999,0.011399999999999999,0.0015,0.0015,0.0,-0.009899999999999999
2020-10-16,-0.0006,-0.0013,0.0005,-0.0005,-0.0011,0.0,0.0006
2020-10-19,-0.015300000000000001,0.0034999999999999996,0.0031,-0.0033,-0.002,0.0,-0.0034000000000000002
2020-10-20,0.0034999999999999996,-0.0008,0.0125,0.0054,0.0019,0.0,-0.011699999999999999
2020-10-21,-0.0036,-0.0048,0.0040999999999999995,0.0051,0.0,0.0,-0.0054
2020-10-22,0.0066,0.009399999999999999,0.0101,-0.0059,-0.0007000000000000001,0.0,-0.0278
2020-10-23,0.0039000000000000003,0.0038,0.0003,-0.0015,-0.0034000000000000002,0.0,0.0011
2020-10-26,-0.018500000000000003,-0.0048,-0.0038,-0.0015,-0.0002,0.0,0.0106
2020-10-27,-0.0023,-0.0062,-0.0233,-0.0039000000000000003,-0.0072,0.0,0.0275
2020-10-29,0.0113,0.0014000000000000002,0.0025,0.0028000000000000004,0.0058,0.0,-0.0115
2020-10-30,-0.014499999999999999,-0.0024,0.018500000000000003,0.0027,-0.0006,0.0,-0.023700000000000002
2020-11-02,0.011699999999999999,0.0087,0.0102,0.0040999999999999995,0.0040999999999999995,0.0,-0.0141
2020-11-03,0.019299999999999998,0.0101,-0.002,-0.002,0.0002,0.0,0.0019
2020-11-05,0.0212,0.0104,0.0053,0.0036,0.0051,0.0,-0.0019
2020-11-06,0.0001,-0.0109,-0.0091,-0.0024,-0.0009,0.0,0.0106
2020-11-12,-0.009399999999999999,-0.005600000000000001,-0.0118,-0.0067,-0.0024,0.0,0.0182
2020-11-13,0.0131,0.0092,0.011399999999999999,0.005699999999999999,0.0042,0.0,-0.0215
2020-11-16,0.012199999999999999,0.0127,0.019799999999999998,0.0069,0.0086,0.0,-0.033
2020-11-17,-0.002,0.0060999999999999995,-0.0001,-0.0040999999999999995,-0.0043,0.0,-0.0027
2020-11-18,-0.009399999999999999,-0.0005,0.0003,0.0007000000000000001,-0.0038,0.0,0.0024
2020-11-19,0.0058,0.0028000000000000004,-0.0078000000000000005,-0.0066,-0.0022,0.0,0.0037
2020-11-20,-0.0051,0.0059,-0.0059,-0.0074,-0.0011,0.0,0.0073
2020-11-23,0.008199999999999999,0.0141,0.015600000000000001,0.0033,0.0003,0.0,-0.027200000000000002
2020-11-25,0.0002,-0.0027,-0.013300000000000001,-0.0039000000000000003,-0.0054,0.0,0.015300000000000001
2020-11-27,0.0042,0.0014000000000000002,-0.016200000000000003,-0.0076,-0.0032,0.0,0.0178
2020-12-01,0.009899999999999999,-0.0006,0.0052,0.0104,0.0053,0.0,-0.0078000000000000005
2020-12-02,0.0011,0.0021,0.010700000000000001,0.0037,0.005600000000000001,0.0,-0.0223
2020-12-03,0.0017000000000000001,0.0055000000000000005,-0.0011,-0.0027,0.0021,0.0,-0.0055000000000000005
2020-12-04,0.0101,0.0161,0.008199999999999999,-0.0034000000000000002,0.006,0.0,-0.018500000000000003
2020-12-07,0.0002,-0.0006,-0.0102,-0.005699999999999999,-0.005,0.0,0.0152
2020-12-08,0.004699999999999999,0.0088,-0.006999999999999999,-0.0070999999999999995,-0.0005,0.0,0.0015
2020-12-09,-0.0103,0.0033,0.0128,0.0085,0.0034999999999999996,0.0,-0.0138
2020-12-10,0.0024,0.009300000000000001,-0.0046,-0.0151,-0.0024,0.0,-0.0017000000000000001
2020-12-11,-0.0018,-0.005699999999999999,-0.0074,-0.0058,-0.005600000000000001,0.0,0.0062
2020-12-14,-0.0026,0.0021,-0.0151,-0.004,-0.0083,0.0,0.0101
2020-12-15,0.0129,0.011399999999999999,0.0038,0.0045000000000000005,0.0054,0.0,-0.0034000000000000002
2020-12-16,0.0016,-0.005600000000000001,-0.004,0.0003,-0.0017000000000000001,0.0,0.0058
2020-12-17,0.0078000000000000005,0.005,-0.0070999999999999995,-0.0058,-0.0019,0.0,0.0121
2020-12-18,-0.0014000000000000002,-0.0019,-0.011699999999999999,-0.0038,-0.0073,0.0,0.011000000000000001
2020-12-21,-0.0024,0.0024,-0.0005,-0.01,0.003,0.0,0.011699999999999999
2020-12-22,0.0006,0.0085,-0.016200000000000003,-0.0084,-0.0011,0.0,0.0187
2020-12-23,0.0011,0.0086,0.0203,0.0027,0.0040999999999999995,0.0,-0.0222
2020-12-24,0.0023,-0.0044,-0.0019,0.0024,-0.0008,0.0,0.0021
2020-12-28,0.0049,-0.0068000000000000005,0.0036,0.0138,0.0048,0.0,-0.0048
2020-12-29,-0.0039000000000000003,-0.014199999999999999,0.0024,0.0078000000000000005,-0.0027,0.0,-0.0040999999999999995
2020-12-30,0.0027,0.010700000000000001,0.0006,-0.0066,-0.0004,0.0,-0.0024
2020-12-31,0.004,-0.0068000000000000005,0.0045000000000000005,0.005600000000000001,-0.0022,0.0,-0.0059
2021-01-04,-0.0141,0.0015,0.0059,-0.0064,0.0009,0.0,-0.0003
2021-01-05,0.0086,0.0132,0.005,0.0036,0.005600000000000001,0.0,-0.0072
2021-01-07,0.0176,0.0002,-0.008199999999999999,-0.0148,-0.0023,0.0,0.015600000000000001
2021-01-08,0.0051,-0.0102,-0.0139,-0.0042,-0.0036,0.0,0.0085
2021-01-11,-0.0052,0.0054,0.0126,-0.0016,0.0040999999999999995,0.0,-0.009300000000000001
2021-01-12,0.0037,0.0148,0.0124,-0.0044,0.004,0.0,-0.006999999999999999
2021-01-13,0.0007000000000000001,-0.0104,-0.0045000000000000005,-0.0019,-0.0004,0.0,0.0043
2021-01-15,-0.0086,-0.0074,-0.0073,0.0029,-0.0045000000000000005,0.0,0.0059
2021-01-19,0.0092,0.0074,-0.0079,-0.0069,0.001,0.0,0.0062
2021-01-20,0.0127,-0.0075,-0.0111,0.0064,-0.004,0.0,0.0129
2021-01-21,-0.0004,-0.0076,-0.0096,0.0083,0.0036,0.0,0.012199999999999999
2021-01-22,-0.0007000000000000001,0.016399999999999998,-0.0011,-0.0068000000000000005,0.006,0.0,0.0084
2021-01-25,0.0029,-0.0027,-0.0043,0.0021,0.0095,0.0,0.0034000000000000002
2021-01-26,-0.0033,-0.0003,0.0004,0.0104,0.0113,0.0,0.0025
2021-01-29,-0.0184,0.0040999999999999995,0.0059,-0.0076,0.004,0.0,0.0021
2021-02-01,0.0172,0.0074,-0.0148,-0.0023,-0.0124,0.0,0.0129
2021-02-03,0.0014000000000000002,0.0068000000000000005,0.0072,-0.0009,0.0018,0.0,-0.009300000000000001
2021-02-04,0.012199999999999999,0.006,0.0038,-0.0009,-0.0024,0.0,-0.0043
2021-02-05,0.005699999999999999,0.0095,-0.0048,-0.0070999999999999995,0.0042,0.0,0.0043
2021-02-09,0.0005,0.0064,-0.0006,-0.0067,-0.0040999999999999995,0.0,0.0040999999999999995
2021-02-10,-0.0008,-0.0053,0.0078000000000000005,0.0031,0.0008,0.0,-0.0084
2021-02-11,0.002,-0.002,-0.0068000000000000005,-0.0046,-0.0031,0.0,0.0069
2021-02-12,0.0049,-0.001,0.0046,-0.0039000000000000003,-0.0007000000000000001,0.0,0.0066
2021-02-16,-0.0014000000000000002,-0.0026,0.0192,0.0018,0.0005,0.0,-0.0064
2021-02-17,-0.002,-0.0068000000000000005,0.0058,0.0026,-0.0015,0.0,-0.0115
2021-02-18,-0.0063,-0.0148,-0.0022,0.0088,-0.0042,0.0,-0.0087
2021-02-19,0.0016,0.0202,0.0073,-0.0043,0.0054,0.0,0.0025
2021-02-23,-0.0011,-0.0102,0.0089,0.0113,-0.002,0.0,-0.0179
2021-02-24,0.0115,0.0148,0.014499999999999999,-0.0028000000000000004,0.0032,0.0,-0.0009
2021-02-25,-0.027200000000000002,-0.0091,0.0086,0.0097,0.0044,0.0,-0.0187
2021-02-26,-0.0028000000000000004,0.0034999999999999996,-0.0161,-0.0004,-0.0039000000000000003,0.0,0.0195
2021-03-01,0.0262,0.0111,0.0023,-0.004,0.002,0.0,0.015
2021-03-02,-0.0105,-0.0078000000000000005,0.0125,0.0062,0.0024,0.0,-0.013999999999999999
2021-03-04,-0.0167,-0.011000000000000001,0.0171,0.0127,0.0048,0.0,-0.0285
2021-03-05,0.0187,0.0039000000000000003,0.0063,0.0096,0.0051,0.0,-0.011000000000000001
2021-03-10,0.0067,0.012,0.0182,-0.0007000000000000001,0.0014000000000000002,0.0,-0.005
2021-03-12,0.0011,0.0052,0.0127,0.0063,0.0059,0.0,-0.010700000000000001
2021-03-15,0.0069,-0.0034999999999999996,-0.0127,0.0025,0.001,0.0,0.0097
2021-03-16,-0.0040999999999999995,-0.013500000000000002,-0.0085,0.0029,-0.0002,0.0,-0.013600000000000001
2021-03-17,0.0034000000000000002,0.0064,0.0033,-0.0004,0.0011,0.0,0.0149
2021-03-18,-0.018600000000000002,-0.0121,0.0216,0.009300000000000001,0.004699999999999999,0.0,-0.0346
2021-03-19,0.0023,0.009399999999999999,-0.01,-0.0079,-0.0054,0.0,0.011699999999999999
2021-03-24,-0.0097,-0.0158,0.0146,0.0138,0.0013,0.0,-0.0282
2021-03-25,0.0067,0.020099999999999996,0.0139,0.0045000000000000005,0.011200000000000002,0.0,0.0072
2021-03-26,0.015600000000000001,0.002,0.0069,0.0078000000000000005,0.0059,0.0,-0.0043
2021-03-30,-0.0004,0.0184,0.01,-0.0026,-0.0022,0.0,0.0232
2021-03-31,0.0063,0.0059,-0.023399999999999997,-0.011699999999999999,-0.0029,0.0,0.018000000000000002
2021-04-01,0.0127,0.0021,-0.0002,-0.0069,-0.0052,0.0,0.0069
2021-04-05,0.0128,-0.0070999999999999995,-0.0070999999999999995,0.01,0.001,0.0,-0.0048
2021-04-06,0.0,-0.0031,0.0009,-0.0012,-0.0028000000000000004,0.0,0.0066
2021-04-07,-0.0011,-0.015300000000000001,0.0031,0.0068000000000000005,-0.0012,0.0,-0.008100000000000001
2021-04-08,0.0062,0.0027,-0.0118,-0.0052,-0.0038,0.0,0.0115
2021-04-09,0.006500000000000001,-0.0060999999999999995,0.0015,0.0079,0.0009,0.0,-0.0017000000000000001
2021-04-12,-0.0004,-0.0045000000000000005,0.005699999999999999,0.0073,-0.0037,0.0,-0.0022
2021-04-13,0.0040999999999999995,-0.0078000000000000005,-0.0161,-0.010700000000000001,-0.0037,0.0,0.0089
2021-04-14,-0.0034999999999999996,0.0118,0.0141,0.0001,0.0067,0.0,-0.0015
2021-04-15,0.0106,-0.008,-0.011899999999999999,0.001,-0.0054,0.0,-0.0075
2021-04-16,0.0027,-0.0019,0.0066,0.0083,0.0018,0.0,-0.0029
2021-04-19,-0.0072,-0.0066,0.0079,0.0072,0.0043,0.0,-0.0121
2021-04-20,-0.009300000000000001,-0.0138,-0.015700000000000002,0.0038,-0.0046,0.0,-0.020499999999999997
2021-04-21,0.011000000000000001,0.015300000000000001,0.0011,-0.004699999999999999,0.001,0.0,0.019799999999999998
2021-04-22,-0.0078000000000000005,0.0063,-0.0077,-0.002,-0.002,0.0,-0.0012
2021-04-23,0.0126,0.0076,0.0068000000000000005,-0.0034999999999999996,0.0004,0.0,0.0181
2021-04-26,0.0040999999999999995,0.0079,-0.005,-0.012,-0.0007000000000000001,0.0,0.0146
2021-04-27,-0.0003,0.0008,0.0085,0.0054,0.0005,0.0,0.0006
2021-04-28,-0.0007000000000000001,0.003,0.0021,-0.003,-0.0034000000000000002,0.0,-0.0016
2021-04-29,0.004,-0.0077,0.0108,0.0134,-0.0022,0.0,-0.009000000000000001
2021-04-30,-0.0083,-0.0052,-0.0034000000000000002,0.0013,-0.0040999999999999995,0.0,-0.0049
2021-05-03,0.0018,0.0074,0.0171,0.0105,0.010700000000000001,0.0,-0.0032
2021-05-04,-0.0089,-0.0024,0.02,0.0109,0.005699999999999999,0.0,-0.0018
2021-05-05,-0.0005,-0.0016,0.0134,0.0064,0.0060999999999999995,0.0,0.0028000000000000004
2021-05-06,0.0049,-0.0049,0.0118,0.0123,0.0058,0.0,-0.0106
2021-05-07,0.0084,0.0045000000000000005,-0.0008,-0.0022,0.0014000000000000002,0.0,0.012199999999999999
2021-05-10,-0.013500000000000002,-0.0128,0.0168,0.0116,0.0078000000000000005,0.0,-0.0225
2021-05-11,-0.0063,0.006999999999999999,-0.0086,-0.0083,-0.0005,0.0,-0.0001
2021-05-12,-0.023399999999999997,-0.0115,0.006999999999999999,-0.0029,0.0014000000000000002,0.0,-0.0255
2021-05-13,0.0104,0.0048,0.0113,0.0138,0.0034000000000000002,0.0,-0.0017000000000000001
2021-05-14,0.0179,0.0097,-0.0017000000000000001,-0.0024,-0.0004,0.0,0.0179
2021-05-17,-0.0024,0.0072,0.0084,0.0002,0.0059,0.0,0.0028000000000000004
2021-05-18,-0.006999999999999999,0.0005,-0.009399999999999999,-0.0102,-0.0043,0.0,-0.0026
2021-05-19,-0.0034000000000000002,-0.0053,-0.0046,-0.0018,-0.0032,0.0,-0.006
2021-05-20,0.011399999999999999,-0.0049,-0.014199999999999999,-0.0085,-0.0048,0.0,0.0023
2021-05-21,-0.0004,0.0046,0.009899999999999999,-0.0011,-0.0007000000000000001,0.0,0.0023
2021-05-24,0.009899999999999999,-0.0048,-0.006999999999999999,0.0026,-0.003,0.0,0.011200000000000002
2021-05-25,-0.003,-0.0086,-0.0124,0.002,-0.0015,0.0,0.0024
2021-05-26,0.0046,0.0178,0.005699999999999999,-0.0054,0.0014000000000000002,0.0,0.0172
2021-05-27,0.0027,0.0108,0.0096,-0.0026,0.0027,0.0,0.015700000000000002
2021-05-28,0.0004,-0.0037,-0.0032,-0.002,-0.004,0.0,-0.0034000000000000002
2021-06-01,0.0003,0.0141,0.0144,0.003,0.004,0.0,0.009000000000000001
2021-06-02,0.0012,-0.0021,0.0032,-0.0007000000000000001,0.0069,0.0,-0.0075
2021-06-03,-0.0053,-0.0025,0.0074,0.0040999999999999995,0.0033,0.0,-0.010700000000000001
2021-06-04,0.009000000000000001,-0.0059,-0.0091,-0.0015,-0.0022,0.0,0.0037
2021-06-07,0.0014000000000000002,0.0127,-0.0095,-0.01,-0.0021,0.0,0.0059
2021-06-08,0.0018,0.0108,-0.003,0.0007000000000000001,-0.0009,0.0,0.0043
2021-06-09,-0.0029,-0.0045000000000000005,-0.0084,0.0016,0.0019,0.0,-0.011399999999999999
2021-06-10,0.0040999999999999995,-0.013300000000000001,-0.020499999999999997,-0.005600000000000001,-0.0106,0.0,-0.0159
2021-06-11,0.0037,0.0072,0.0017000000000000001,0.0004,0.0,0.0,0.0064
2021-06-14,0.0015,-0.0075,-0.016200000000000003,-0.0059,-0.0049,0.0,-0.0089
2021-06-15,-0.003,0.0023,0.0128,0.0067,0.0013,0.0,0.0002
2021-06-16,-0.0046,0.0043,0.002,-0.0034000000000000002,-0.0024,0.0,0.0034999999999999996
2021-06-18,-0.0123,-0.008,-0.0144,-0.0043,-0.0070999999999999995,0.0,-0.0045000000000000005
2021-06-21,0.013600000000000001,0.0084,0.0105,0.0040999999999999995,0.0031,0.0,0.0138
2021-06-22,0.0058,-0.0009,-0.0043,0.002,0.002,0.0,0.0044
2021-06-23,0.0,0.0051,-0.0029,-0.0048,-0.0024,0.0,0.0116
2021-06-24,0.0069,0.0074,0.0024,-0.0039000000000000003,0.0026,0.0,0.0075
2021-06-25,0.0031,-0.005,0.0044,-0.0014000000000000002,0.0006,0.0,-0.0054
2021-06-28,0.0021,-0.0085,-0.0159,-0.005,-0.0014000000000000002,0.0,0.0002
2021-06-29,0.0001,-0.0038,-0.003,0.0031,0.0038,0.0,0.0012
2021-06-30,0.0007000000000000001,0.0013,0.0075,0.0072,0.0064,0.0,0.0076
2021-07-01,0.0044,0.0042,0.0044,0.0001,0.0033,0.0,-0.0021
2021-07-02,0.005600000000000001,-0.015300000000000001,-0.006999999999999999,0.0066,-0.0014000000000000002,0.0,-0.008
2021-07-06,-0.0027,-0.0102,-0.02,0.0054,-0.0075,0.0,-0.014499999999999999
2021-07-08,-0.0086,-0.0001,-0.0078000000000000005,-0.0022,-0.0003,0.0,-0.0031
2021-07-09,0.0126,0.0085,0.015700000000000002,-0.0017000000000000001,0.0040999999999999995,0.0,0.0166
2021-07-12,0.0023,-0.0002,0.005600000000000001,0.0028000000000000004,-0.0027,0.0,0.009000000000000001
2021-07-13,-0.0055000000000000005,-0.0121,-0.0042,0.0075,0.0012,0.0,-0.012199999999999999
2021-07-15,-0.0038,-0.0026,0.0079,0.0034000000000000002,-0.0008,0.0,-0.0064
2021-07-16,-0.0076,-0.0039000000000000003,-0.0126,0.0012,-0.0085,0.0,-0.0155
2021-07-19,-0.014199999999999999,0.0004,-0.0177,-0.0043,-0.0111,0.0,-0.0062
2021-07-20,0.017,0.0085,0.0014000000000000002,-0.005699999999999999,0.0033,0.0,0.0161
2021-07-21,0.0095,0.0072,0.008100000000000001,-0.0097,0.0008,0.0,0.0187
2021-07-22,0.001,-0.015600000000000001,-0.0102,0.005,-0.0043,0.0,-0.0062
2021-07-23,0.009899999999999999,-0.0033,-0.0045000000000000005,0.0049,-0.0036,0.0,0.001
2021-07-26,0.0018,0.0008,0.0132,0.0029,0.0088,0.0,0.0098
2021-07-27,-0.006500000000000001,-0.0046,0.0059,0.0046,0.0008,0.0,-0.0105
2021-07-29,0.0042,0.0022,0.0095,0.008199999999999999,0.0055000000000000005,0.0,0.008
2021-07-30,-0.0066,-0.0008,-0.0018,0.005600000000000001,0.0040999999999999995,0.0,-0.0011
2021-08-02,-0.0012,-0.0014000000000000002,-0.0046,-0.0007000000000000001,-0.0039000000000000003,0.0,-0.0005
2021-08-03,0.0074,-0.0039000000000000003,0.009399999999999999,0.006500000000000001,0.0027,0.0,0.005
2021-08-04,-0.0039000000000000003,-0.0098,-0.0158,-0.0038,-0.0113,0.0,-0.0019
2021-08-05,0.0074,0.0108,-0.0012,-0.0129,-0.004,0.0,0.008100000000000001
2021-08-06,0.0009,0.004699999999999999,0.019,0.004699999999999999,0.0028000000000000004,0.0,0.0049
2021-08-09,0.0,-0.0046,-0.0026,-0.0064,-0.0053,0.0,0.0062
2021-08-10,0.0006,0.0038,0.0183,0.0072,0.0092,0.0,0.0042
2021-08-11,0.002,0.003,0.0144,0.0091,0.0055000000000000005,0.0,-0.0026
2021-08-12,0.0024,-0.0067,-0.0039000000000000003,0.0006,0.001,0.0,0.0034000000000000002
2021-08-13,0.0002,-0.0095,-0.0028000000000000004,0.006999999999999999,-0.0002,0.0,-0.008199999999999999
2021-08-16,-0.0003,-0.0086,0.0006,0.0166,0.0022,0.0,-0.0049
2021-08-17,-0.008,-0.005,-0.0013,-0.003,0.0008,0.0,-0.0124
2021-08-18,-0.0096,0.001,-0.0018,-0.0032,-0.0066,0.0,0.0044
2021-08-19,-0.0013,-0.0095,-0.0083,0.0137,-0.0048,0.0,-0.0069
2021-08-20,0.0092,0.0087,-0.0051,-0.0037,-0.0032,0.0,0.002
2021-08-24,0.004,0.004,0.0034999999999999996,-0.0072,0.0002,0.0,0.009399999999999999
2021-08-25,0.0027,0.0006,0.0036,-0.0042,-0.0001,0.0,0.0074
2021-08-26,-0.006500000000000001,-0.0044,-0.0034000000000000002,-0.0006,-0.0012,0.0,-0.0034000000000000002
2021-08-27,0.0108,0.016399999999999998,0.0031,-0.0069,0.0017000000000000001,0.0,0.0096
2021-08-30,0.0034999999999999996,-0.0068000000000000005,-0.0139,0.0066,0.0007000000000000001,0.0,-0.011399999999999999
2021-08-31,-0.0013,0.0046,-0.0005,-0.0046,-0.002,0.0,-0.0024
2021-09-01,0.0011,0.0039000000000000003,-0.0096,-0.0045000000000000005,-0.0038,0.0,-0.0060999999999999995
2021-09-02,0.0034999999999999996,0.002,-0.0002,-0.0044,0.0059,0.0,0.0024
2021-09-03,-0.0002,-0.005699999999999999,-0.0028000000000000004,0.0003,-0.0031,0.0,0.0026
2021-09-07,-0.0036,-0.0037,-0.0009,-0.0059,0.0015,0.0,0.0023
2021-09-08,-0.0033,-0.0074,0.0007000000000000001,0.0073,0.002,0.0,-0.009000000000000001
2021-09-09,-0.0028000000000000004,0.0025,0.0009,-0.0078000000000000005,-0.0027,0.0,0.009000000000000001
2021-09-10,-0.0076,-0.0003,0.0002,0.002,-0.0038,0.0,-0.002
2021-09-13,0.0015,0.0024,0.013500000000000002,0.0024,0.009300000000000001,0.0,0.0001
2021-09-14,-0.0066,-0.0067,-0.0097,0.0042,-0.004699999999999999,0.0,-0.0008
2021-09-15,0.0088,0.0012,0.0067,-0.0024,0.0043,0.0,0.0105
2021-09-16,-0.0005,-0.001,-0.0058,-0.0042,-0.0053,0.0,-0.0012
2021-09-17,-0.0074,0.01,-0.0006,-0.0064,-0.004699999999999999,0.0,-0.008
2021-09-20,-0.018600000000000002,-0.005600000000000001,0.0021,0.0078000000000000005,0.0023,0.0,-0.006500000000000001
2021-09-21,0.0003,0.0027,-0.0068000000000000005,-0.0043,-0.0036,0.0,0.0017000000000000001
2021-09-22,0.01,0.0013,0.0060999999999999995,-0.0052,0.004699999999999999,0.0,0.0126
2021-09-23,0.0128,0.0046,0.0091,-0.0101,0.0022,0.0,0.010700000000000001
2021-09-24,0.0009,-0.004,0.006999999999999999,0.0058,0.0023,0.0,0.0023
2021-09-27,-0.0011,0.0171,0.024399999999999998,-0.0024,0.0078000000000000005,0.0,0.0062
2021-09-28,-0.0217,0.0,0.0175,0.0083,0.010700000000000001,0.0,-0.005600000000000001
2021-09-29,0.0004,-0.0021,0.0083,0.0115,0.0033,0.0,-0.0048
2021-09-30,-0.0103,0.0007000000000000001,-0.0077,-0.0124,-0.0038,0.0,-0.0014000000000000002
2021-10-01,0.011200000000000002,0.0048,0.0051,-0.0009,0.0055000000000000005,0.0,0.0066
2021-10-04,-0.014199999999999999,0.0040999999999999995,0.023399999999999997,0.0069,0.011000000000000001,0.0,0.0011
2021-10-05,0.0106,-0.0059,-0.0007000000000000001,-0.001,-0.0034000000000000002,0.0,0.0070999999999999995
2021-10-06,0.0034000000000000002,-0.009899999999999999,-0.005,0.0033,-0.0068000000000000005,0.0,-0.008199999999999999
2021-10-07,0.0101,0.0045000000000000005,-0.0018,-0.0008,0.0003,0.0,0.0062
2021-10-08,-0.0027,-0.0046,0.0113,0.0009,0.0059,0.0,0.0008
2021-10-11,-0.0072,0.0023,-0.0028000000000000004,-0.0004,0.0028000000000000004,0.0,0.0007000000000000001
2021-10-12,-0.0008,0.0055000000000000005,-0.0043,-0.0088,-0.0028000000000000004,0.0,-0.0006
2021-10-13,0.0043,-0.0009,-0.0102,-0.0049,-0.008,0.0,-0.0046
2021-10-14,0.0165,-0.0037,-0.0028000000000000004,0.0,-0.0012,0.0,0.0013
2021-10-15,0.0064,-0.0113,0.0029,0.0037,-0.0008,0.0,0.0015
2021-10-18,0.004,-0.0040999999999999995,-0.0002,0.005600000000000001,-0.0008,0.0,0.0137
2021-10-19,0.006999999999999999,-0.0048,-0.0024,-0.0016,0.001,0.0,-0.0074
2021-10-20,0.0034000000000000002,0.0023,0.012,0.0028000000000000004,0.0055000000000000005,0.0,0.0009
2021-10-21,0.0036,0.0003,-0.009899999999999999,0.0031,-0.0060999999999999995,0.0,0.0002
2021-10-22,-0.0025,0.0002,0.0102,0.0044,0.004699999999999999,0.0,0.0033
2021-10-25,0.005600000000000001,0.0036,-0.0013,-0.0042,-0.0037,0.0,0.011699999999999999
2021-10-26,0.0005,-0.0078000000000000005,-0.003,-0.0037,-0.0015,0.0,-0.0018
2021-10-27,-0.0076,-0.009399999999999999,-0.012,0.0086,-0.0063,0.0,-0.0009
2021-10-28,0.0111,0.008199999999999999,-0.0048,-0.0027,-0.0016,0.0,0.008100000000000001
2021-10-29,0.0021,0.0014000000000000002,-0.0083,0.0055000000000000005,-0.0084,0.0,0.005699999999999999
2021-11-01,0.005,0.0204,0.0045000000000000005,-0.0113,0.0008,0.0,0.0091
2021-11-02,0.0025,-0.0032,-0.005600000000000001,0.0042,0.0016,0.0,0.0
2021-11-03,0.0079,0.0141,-0.0019,0.0021,-0.0040999999999999995,0.0,-0.0031
2021-11-04,0.0039000000000000003,-0.0029,-0.0138,0.0066,-0.0074,0.0,-0.0046
2021-11-05,0.0037,0.0079,0.0121,0.0005,0.013600000000000001,0.0,0.0084
2021-11-08,0.0016,0.0002,0.001,-0.0054,-0.0012,0.0,0.0046
2021-11-09,-0.0034000000000000002,-0.0014000000000000002,0.0045000000000000005,0.0058,0.0029,0.0,-0.0088
2021-11-10,-0.0104,-0.0029,0.0096,0.0137,0.0002,0.0,-0.0091
2021-11-11,0.0017000000000000001,0.0060999999999999995,0.0034999999999999996,0.0014000000000000002,0.001,0.0,0.0095
2021-11-12,0.0074,-0.0046,-0.0092,0.0037,-0.0029,0.0,-0.0021
2021-11-15,-0.0006,-0.0045000000000000005,0.0070999999999999995,0.0053,0.005,0.0,-0.0016
2021-11-16,0.0044,-0.0016,-0.0068000000000000005,0.0017000000000000001,-0.006500000000000001,0.0,0.0021
2021-11-17,-0.0040999999999999995,-0.006500000000000001,-0.0028000000000000004,0.008100000000000001,0.0018,0.0,-0.0004
2021-11-18,0.0014000000000000002,-0.0075,-0.0007000000000000001,0.0126,-0.0011,0.0,0.01
2021-11-19,-0.0025,-0.0040999999999999995,-0.013000000000000001,0.0104,-0.0064,0.0,0.0003
2021-11-23,-0.0002,-0.0019,0.0178,0.0024,0.0115,0.0,0.0011
2021-11-24,0.003,-0.0014000000000000002,-0.0086,-0.0054,-0.0025,0.0,0.0013
2021-11-26,-0.0223,-0.0127,-0.0095,0.0026,-0.0062,0.0,-0.006999999999999999
2021-11-29,0.011000000000000001,-0.0132,-0.0079,0.0039000000000000003,-0.003,0.0,0.0128
2021-11-30,-0.0195,0.0018,-0.011200000000000002,-0.0009,0.0039000000000000003,0.0,-0.0019
2021-12-02,0.015300000000000001,0.009899999999999999,0.0124,-0.006500000000000001,0.0005,0.0,-0.0025
2021-12-06,0.012,0.0084,0.0060999999999999995,0.001,0.0063,0.0,-0.0096
2021-12-07,0.0222,-0.0017000000000000001,-0.0178,-0.014499999999999999,-0.0046,0.0,0.009300000000000001
2021-12-08,0.0046,0.0034999999999999996,-0.0086,-0.0097,0.002,0.0,-0.0054
2021-12-09,-0.0104,-0.0105,0.0154,0.0144,0.01,0.0,0.0001
2021-12-10,0.0070999999999999995,-0.0087,0.0053,0.0138,0.0077,0.0,0.0077
2021-12-13,-0.0104,-0.0028000000000000004,-0.009899999999999999,0.0031,-0.0031,0.0,-0.0182
2021-12-14,-0.0076,-0.0034999999999999996,0.0165,0.004,0.0018,0.0,-0.0029
2021-12-15,0.016200000000000003,0.0002,-0.0191,0.0005,-0.0034999999999999996,0.0,0.004699999999999999
2021-12-16,-0.011899999999999999,-0.0084,0.027999999999999997,0.0060999999999999995,0.0066,0.0,-0.011200000000000002
2021-12-20,-0.0126,-0.0022,-0.0042,0.0003,0.0017000000000000001,0.0,-0.0034999999999999996
2021-12-21,0.0206,0.0066,0.0019,-0.0109,-0.0023,0.0,0.0062
2021-12-22,0.0097,0.0018,-0.0034999999999999996,0.0034000000000000002,0.0005,0.0,0.009399999999999999
2021-12-23,0.0072,0.0028000000000000004,-0.0048,-0.0037,-0.0040999999999999995,0.0,0.0003
2021-12-27,0.0123,-0.0013,0.0032,0.0097,0.0045000000000000005,0.0,0.019799999999999998
2021-12-28,-0.0026,-0.0040999999999999995,0.008100000000000001,0.0084,0.0023,0.0,-0.0054
2021-12-29,0.0007000000000000001,-0.0001,0.0017000000000000001,0.0070999999999999995,-0.0001,0.0,0.0045000000000000005
2021-12-30,-0.0017000000000000001,0.0007000000000000001,-0.004,-0.0083,-0.0044,0.0,-0.0113
2021-12-31,-0.0031,0.0018,0.0053,0.0034999999999999996,0.0045000000000000005,0.0,0.0045000000000000005
2022-01-03,0.0072,0.0043,0.0078000000000000005,-0.0115,0.0053,0.0,-0.0105
2022-01-05,-0.0226,-0.0092,0.0259,0.014199999999999999,0.0128,0.0,-0.0069
2022-01-06,0.0,0.0038,0.0178,-0.005600000000000001,0.0,0.0,0.0074
2022-01-07,-0.0049,-0.0096,0.0204,-0.0012,0.0084,0.0,-0.0062
2022-01-10,-0.0014000000000000002,-0.003,-0.0024,-0.0006,-0.0038,0.0,-0.0016
2022-01-11,0.0108,-0.002,-0.0026,-0.0124,0.0034999999999999996,0.0,-0.0013
2022-01-12,0.0013,-0.0085,0.0051,0.0077,0.0028000000000000004,0.0,0.012199999999999999
2022-01-13,-0.0155,0.0088,0.0239,0.011899999999999999,0.0105,0.0,-0.002
2022-01-14,0.0008,0.0005,0.005600000000000001,-0.0085,0.0051,0.0,-0.0009
2022-01-18,-0.0207,-0.009000000000000001,0.0138,0.0079,0.0097,0.0,0.0009
2022-01-19,-0.0102,-0.0036,-0.0067,0.0025,0.001,0.0,-0.0037
2022-01-20,-0.0115,-0.0084,-0.0024,-0.003,0.0009,0.0,-0.0045000000000000005
2022-01-21,-0.0209,0.004,0.004699999999999999,0.0103,0.0054,0.0,0.0045000000000000005
2022-01-24,0.0054,0.0175,-0.0025,-0.0006,-0.0067,0.0,0.0008
2022-01-26,-0.0029,-0.0106,0.001,0.0042,-0.0003,0.0,0.0134
2022-01-27,-0.0076,-0.0146,0.0083,0.0105,0.0092,0.0,0.0036
2022-01-28,0.0246,-0.0062,-0.0207,0.0015,0.0016,0.0,-0.003
2022-02-01,0.0087,0.0011,0.0066,-0.0109,0.0034000000000000002,0.0,0.0006
2022-02-02,0.0051,-0.0158,0.0074,0.015,0.005,0.0,0.024300000000000002
2022-02-03,-0.024900000000000002,0.0046,0.022000000000000002,0.0043,0.013600000000000001,0.0,0.012199999999999999
2022-02-07,-0.0025,0.006500000000000001,0.0019,-0.0068000000000000005,0.0001,0.0,-0.0034000000000000002
2022-02-08,0.0102,0.0073,-0.0028000000000000004,0.009300000000000001,-0.0043,0.0,-0.0016
2022-02-09,0.016,0.0,-0.019799999999999998,-0.011000000000000001,-0.0024,0.0,-0.0111
2022-02-10,-0.0169,0.0003,0.0124,-0.005600000000000001,0.0026,0.0,0.0037
2022-02-14,-0.0034999999999999996,0.0008,-0.0062,0.0069,-0.0018,0.0,0.0
2022-02-15,0.018500000000000003,0.0102,-0.0141,-0.0067,-0.008100000000000001,0.0,-0.0096
2022-02-16,-0.0002,0.0004,0.0033,0.006,0.0042,0.0,0.006
2022-02-18,-0.0085,0.0012,0.0095,0.0106,0.0043,0.0,0.0109
2022-02-22,-0.011699999999999999,-0.0034999999999999996,0.0009,-0.0004,0.0016,0.0,0.005
2022-02-23,-0.0195,0.0007000000000000001,0.0127,0.0003,0.0105,0.0,0.009399999999999999
2022-02-25,0.022400000000000003,-0.0014000000000000002,0.0121,0.0034999999999999996,-0.0019,0.0,0.0074
2022-02-28,0.0003,0.0038,-0.0045000000000000005,-0.008100000000000001,0.0026,0.0,-0.0029
2022-03-01,-0.0155,-0.0028000000000000004,-0.0084,-0.0040999999999999995,0.0053,0.0,0.0029
2022-03-02,0.0182,0.0063,0.0132,0.0052,0.0046,0.0,0.0132
2022-03-03,-0.0086,-0.0022,0.0151,0.0125,0.0125,0.0,0.0134
2022-03-04,-0.0109,-0.005,0.0070999999999999995,0.0037,0.0123,0.0,0.0152
2022-03-07,-0.0313,0.0073,0.009399999999999999,-0.006999999999999999,0.013300000000000001,0.0,0.0055000000000000005
2022-03-08,-0.0053,0.0098,0.003,-0.0111,-0.0023,0.0,-0.0086
2022-03-10,-0.004699999999999999,0.003,0.012,-0.0033,0.0034000000000000002,0.0,0.0096
2022-03-11,-0.0148,-0.0011,0.0177,0.0097,0.0063,0.0,0.0129
2022-03-15,0.0215,-0.005,-0.023799999999999998,0.0078000000000000005,-0.0098,0.0,-0.0077
2022-03-16,0.026000000000000002,0.0043,-0.0187,-0.0116,-0.015600000000000001,0.0,-0.0216
2022-03-18,0.0132,-0.0019,-0.0187,-0.0055000000000000005,-0.0084,0.0,-0.0098
2022-03-22,0.013000000000000001,-0.0022,-0.011899999999999999,-0.008199999999999999,-0.0102,0.0,-0.0089
2022-03-24,0.014199999999999999,-0.0032,-0.008199999999999999,-0.0048,-0.0013,0.0,-0.0023
2022-03-25,0.0028000000000000004,-0.003,0.0218,0.002,0.013600000000000001,0.0,0.0113
2022-03-28,0.0073,-0.0088,-0.0173,0.005,-0.0124,0.0,-0.0054
2022-03-29,0.0143,0.011899999999999999,-0.0194,-0.0032,-0.0098,0.0,-0.0202
2022-03-30,-0.008199999999999999,-0.011200000000000002,0.0042,0.0037,0.0092,0.0,0.0103
2022-03-31,-0.0154,0.0062,-0.0046,-0.0023,0.004,0.0,0.0040999999999999995
2022-04-01,0.0039000000000000003,0.0058,-0.0062,-0.009300000000000001,0.0005,0.0,-0.0017000000000000001
2022-04-04,0.009300000000000001,-0.005600000000000001,-0.018500000000000003,-0.0077,-0.006999999999999999,0.0,-0.015300000000000001
2022-04-05,-0.0154,-0.0074,0.0078000000000000005,0.0072,0.0018,0.0,0.0127
2022-04-06,-0.0123,-0.0029,0.0109,0.0024,0.0088,0.0,0.014499999999999999
2022-04-07,0.0034000000000000002,-0.0060999999999999995,-0.0012,0.0038,0.003,0.0,0.012
2022-04-08,-0.0038,-0.0052,0.022799999999999997,0.0037,0.0103,0.0,0.009399999999999999
2022-04-11,-0.0154,0.0062,0.0105,0.0045000000000000005,0.001,0.0,-0.0086
2022-04-12,-0.0029,0.005600000000000001,0.004699999999999999,-0.0024,0.010700000000000001,0.0,0.0096
2022-04-13,0.0139,0.0060999999999999995,-0.0069,-0.01,-0.0001,0.0,-0.0018
2022-04-14,-0.0128,0.0032,0.0146,0.0018,0.0098,0.0,0.0077
2022-04-18,-0.0019,-0.0058,0.0179,0.0077,0.0067,0.0,0.0154
2022-04-19,0.0176,0.0039000000000000003,-0.0098,0.0054,-0.0126,0.0,-0.013999999999999999
2022-04-20,-0.0027,0.005,0.0127,0.0077,0.011699999999999999,0.0,0.0225
2022-04-22,-0.0274,0.0025,-0.0019,-0.0013,-0.002,0.0,-0.0032
2022-04-25,0.006999999999999999,0.0011,-0.0187,0.001,-0.0111,0.0,-0.0124
2022-04-26,-0.029900000000000003,-0.0036,0.0181,0.0024,0.0124,0.0,0.0128
2022-04-27,0.0013,-0.005600000000000001,0.0034000000000000002,0.0014000000000000002,0.008,0.0,0.0121
2022-04-28,0.0245,-0.0051,-0.004,0.004699999999999999,0.0004,0.0,-0.0036
2022-05-02,0.008,0.0039000000000000003,-0.0113,-0.0064,-0.0137,1e-05,-0.018000000000000002
2022-05-03,0.0040999999999999995,0.0016,0.0166,0.0002,0.0118,1e-05,0.008100000000000001
2022-05-06,-0.0085,-0.0101,0.018500000000000003,0.0098,0.0138,1e-05,0.0139
2022-05-10,0.0022,-0.0049,-0.0123,-0.0068000000000000005,0.0029,1e-05,0.011200000000000002
2022-05-11,-0.019299999999999998,-0.006,0.0262,0.0063,0.0101,1e-05,0.020099999999999996
2022-05-12,0.0015,0.012,-0.0123,-0.0036,-0.011200000000000002,1e-05,-0.0252
2022-05-16,-0.0059,0.0008,0.013000000000000001,0.0021,0.0132,1e-05,0.0159
2022-05-17,0.0213,0.009399999999999999,-0.0005,-0.0067,-0.0031,1e-05,-0.0148
2022-05-19,-0.0034000000000000002,0.004,-0.008100000000000001,-0.012199999999999999,-0.0092,1e-05,-0.0139
2022-05-20,-0.0005,-0.0013,-0.0022,-0.0011,0.0019,1e-05,-0.0008
2022-05-23,0.0175,-0.0092,0.0132,-0.0005,0.0097,1e-05,0.0092
2022-05-24,-0.0121,-0.0045000000000000005,0.0183,0.0139,0.0125,1e-05,0.022400000000000003
2022-05-25,0.0121,0.0074,0.002,-0.0051,-0.0003,1e-05,-0.0084
2022-05-26,0.0218,0.0001,-0.006,-0.0014000000000000002,-0.0034000000000000002,1e-05,-0.0092
2022-05-27,0.0258,0.0002,-0.0128,-0.006500000000000001,-0.0027,1e-05,-0.0072
2022-05-31,-0.0070999999999999995,-0.0039000000000000003,0.004699999999999999,0.008,-0.0022,1e-05,-0.0049
2022-06-01,-0.0074,0.0023,0.0079,-0.002,0.0103,3e-05,0.0129
2022-06-02,0.0208,0.004,-0.0208,-0.0042,-0.0152,3e-05,-0.0202
2022-06-03,-0.0163,0.0103,0.0055000000000000005,-0.008,0.0046,3e-05,0.009000000000000001
2022-06-06,0.0033,0.0004,0.0066,0.0048,0.0018,3e-05,-0.0003
2022-06-08,-0.0102,-0.0027,-0.0054,-0.006999999999999999,-0.0025,3e-05,-0.0092
2022-06-09,-0.024300000000000002,0.0046,0.0024,0.0086,0.0021,3e-05,0.011699999999999999
2022-06-10,-0.03,0.0026,0.0066,0.003,0.005600000000000001,3e-05,0.024
2022-06-14,-0.0026,0.0011,0.0011,0.0012,0.0005,3e-05,0.0034999999999999996
2022-06-15,0.0155,-0.0004,-0.0168,-0.002,-0.0115,3e-05,-0.023399999999999997
2022-06-21,0.023799999999999998,-0.0084,0.0023,-0.0091,0.0001,3e-05,0.013600000000000001
2022-06-27,-0.0027,0.0078000000000000005,0.0128,-0.0034000000000000002,0.0126,3e-05,0.024300000000000002
2022-06-28,-0.0209,0.0005,0.0239,-0.0069,0.013300000000000001,3e-05,0.0292
2022-06-29,-0.0019,-0.0058,-0.013500000000000002,0.0108,-0.0087,3e-05,-0.0009
2022-06-30,-0.0096,0.0051,-0.0016,0.0091,-0.0013,3e-05,0.009899999999999999
2022-07-01,0.0115,-0.0004,0.0011,-0.008,-0.0009,4e-05,-0.0115
2022-07-06,0.0017000000000000001,-0.0088,-0.0077,0.0005,-0.0034999999999999996,4e-05,0.0021
2022-07-07,0.0176,0.0088,-0.009399999999999999,-0.008100000000000001,-0.0139,4e-05,-0.0105
2022-07-08,-0.0007000000000000001,0.0007000000000000001,-0.0009,-0.0025,-0.0023,4e-05,0.0043
2022-07-12,-0.0089,0.0088,0.0052,0.0015,0.009300000000000001,4e-05,-0.0064
2022-07-13,-0.0039000000000000003,0.0042,-0.0040999999999999995,0.0003,-0.0033,4e-05,-0.0004
2022-07-14,-0.0040999999999999995,-0.0045000000000000005,-0.0101,0.0076,-0.0001,4e-05,0.0055000000000000005
2022-07-15,0.0196,0.0003,0.0049,-0.0017000000000000001,-0.0032,4e-05,-0.0067
2022-07-18,-0.0070999999999999995,0.0036,0.0102,0.002,-0.0018,4e-05,0.0022
2022-07-21,0.0097,-0.0038,-0.0161,-0.0026,-0.01,4e-05,-0.01
2022-07-25,0.0012,0.001,0.0166,0.006500000000000001,0.0054,4e-05,0.021
2022-07-26,-0.0132,0.0037,0.010700000000000001,0.006500000000000001,0.0124,4e-05,0.024399999999999998
2022-07-28,0.011899999999999999,-0.0004,-0.009300000000000001,0.0015,-0.0097,4e-05,-0.0014000000000000002
2022-07-29,0.014499999999999999,-0.009000000000000001,0.0046,0.0048,-0.012199999999999999,4e-05,-0.0066
2022-08-01,-0.002,0.0017000000000000001,-0.0024,0.0022,0.0037,8e-05,-0.0049
2022-08-03,0.0167,0.0028000000000000004,-0.0195,-0.0154,-0.0085,8e-05,-0.0315
2022-08-04,-0.0005,0.0040999999999999995,-0.0165,-0.013000000000000001,-0.009399999999999999,8e-05,-0.015
2022-08-05,-0.0004,0.0095,-0.0004,-0.0127,-0.0021,8e-05,-0.0014000000000000002
2022-08-08,0.0,0.0096,-0.0009,-0.0054,0.0022,8e-05,-0.0088
2022-08-09,-0.0067,-0.013600000000000001,0.021,0.0086,0.0129,8e-05,0.0271
2022-08-10,0.0235,0.0075,-0.0161,-0.0138,-0.014499999999999999,8e-05,-0.031
2022-08-11,-0.0007000000000000001,0.002,0.0167,0.0078000000000000005,0.01,8e-05,0.0070999999999999995
2022-08-12,0.0176,0.0051,-0.0079,-0.006500000000000001,-0.0058,8e-05,-0.0070999999999999995
2022-08-15,0.0038,-0.0002,-0.0062,-0.0019,-0.0005,8e-05,0.0001
2022-08-16,0.0019,-0.0014000000000000002,0.006999999999999999,0.0104,0.0052,8e-05,0.0023
2022-08-17,-0.0092,-0.0092,0.0104,0.0127,0.0070999999999999995,8e-05,0.0245
2022-08-18,0.0027,0.0034999999999999996,0.0045000000000000005,0.0079,0.0005,8e-05,0.012
2022-08-19,-0.0149,-0.009399999999999999,0.0098,0.0104,0.0134,8e-05,0.024900000000000002
2022-08-22,-0.0213,-0.0005,0.0034000000000000002,0.0015,0.0021,8e-05,0.015700000000000002
2022-08-23,-0.0011,0.0012,0.0031,-0.0036,-0.0025,8e-05,0.0014000000000000002
2022-08-24,0.0039000000000000003,0.0052,-0.0062,-0.014499999999999999,-0.005600000000000001,8e-05,-0.0092
2022-08-25,0.014499999999999999,0.0013,-0.0001,0.0018,-0.0039000000000000003,8e-05,-0.0077
2022-08-26,-0.0337,-0.0027,0.0166,0.0016,0.0089,8e-05,0.0195
2022-08-29,-0.0070999999999999995,-0.0039000000000000003,0.0044,0.0026,0.0044,8e-05,0.0062
2022-08-30,-0.0111,-0.0039000000000000003,-0.0022,-0.0025,0.0012,8e-05,-0.0089
2022-08-31,-0.0075,0.0023,-0.004699999999999999,-0.0066,-0.0018,8e-05,-0.0029
2022-09-01,0.0,-0.0104,-0.0028000000000000004,0.005600000000000001,0.0055000000000000005,8.999999999999999e-05,0.0014000000000000002
2022-09-02,-0.009899999999999999,0.0011,0.0103,-0.0005,0.0026,8.999999999999999e-05,0.0066
2022-09-06,-0.0051,-0.0054,-0.0054,-0.002,-0.0069,8.999999999999999e-05,0.003
2022-09-07,0.0192,0.0040999999999999995,-0.0154,-0.013500000000000002,-0.0054,8.999999999999999e-05,-0.0196
2022-09-08,0.0078000000000000005,-0.0015,-0.0018,-0.0123,-0.0106,8.999999999999999e-05,-0.012199999999999999
2022-09-09,0.0167,0.0037,-0.0051,-0.0014000000000000002,-0.0052,8.999999999999999e-05,-0.011399999999999999
2022-09-12,0.010700000000000001,0.0025,-0.0018,-0.0012,-0.0016,8.999999999999999e-05,-0.0012
2022-09-14,0.0044,-0.0018,-0.0032,-0.0078000000000000005,-0.0052,8.999999999999999e-05,0.004699999999999999
2022-09-15,-0.0104,0.0039000000000000003,0.006,-0.0032,0.0025,8.999999999999999e-05,-0.0016
2022-09-19,0.0072,-0.0009,0.0068000000000000005,0.0064,-0.0006,8.999999999999999e-05,0.008
2022-09-20,-0.0115,-0.0029,0.0003,-0.0012,0.0032,8.999999999999999e-05,0.013000000000000001
2022-09-21,-0.0168,0.0034000000000000002,0.0006,0.0038,0.0012,8.999999999999999e-05,0.0053
2022-09-22,-0.011399999999999999,-0.011399999999999999,0.0043,0.0115,0.0101,8.999999999999999e-05,0.0175
2022-09-23,-0.018500000000000003,-0.0045000000000000005,-0.0079,0.0019,-0.0018,8.999999999999999e-05,-0.0088
2022-09-26,-0.0102,-0.0004,-0.0075,0.0016,-0.0043,8.999999999999999e-05,0.006999999999999999
2022-09-27,-0.0005,0.0058,-0.0097,-0.0066,-0.0091,8.999999999999999e-05,-0.0012
2022-09-28,0.021400000000000002,0.009000000000000001,-0.0034999999999999996,-0.0088,-0.008100000000000001,8.999999999999999e-05,-0.0148
2022-09-29,-0.0216,-0.0029,0.0092,0.0043,0.0055000000000000005,8.999999999999999e-05,0.009399999999999999
2022-09-30,-0.0143,0.0058,0.0028000000000000004,-0.0067,-0.0011,8.999999999999999e-05,0.0051
2022-10-03,0.0256,-0.0001,0.006999999999999999,0.0089,0.0042,0.00010999999999999999,-0.002
2022-10-05,-0.0021,-0.0036,0.0005,0.0034000000000000002,0.0015,0.00010999999999999999,0.004699999999999999
2022-10-06,-0.0085,0.0045000000000000005,0.0013,-0.0013,-0.0051,0.00010999999999999999,0.0002
2022-10-10,-0.008,0.0024,0.0077,0.0154,0.0044,0.00010999999999999999,0.013600000000000001
2022-10-11,-0.006999999999999999,0.0062,0.0033,0.005699999999999999,0.0060999999999999995,0.00010999999999999999,0.0101
2022-10-12,-0.0027,0.0002,0.0004,0.0001,0.0002,0.00010999999999999999,-0.0059
2022-10-13,0.0241,-0.0025,0.015600000000000001,0.006500000000000001,0.0092,0.00010999999999999999,0.0069
2022-10-18,0.011899999999999999,-0.0013,-0.0001,-0.0040999999999999995,0.0002,0.00010999999999999999,-0.002
2022-10-19,-0.0087,-0.011899999999999999,0.0118,0.0072,0.008,0.00010999999999999999,0.0194
2022-10-20,-0.008,-0.0032,-0.0045000000000000005,-0.0060999999999999995,0.0013,0.00010999999999999999,-0.0062
2022-10-21,0.023,-0.0007000000000000001,0.0009,0.0068000000000000005,-0.003,0.00010999999999999999,0.0033
2022-10-24,0.0104,-0.0060999999999999995,0.004699999999999999,0.011399999999999999,0.0053,0.00010999999999999999,0.0083
2022-10-25,0.0178,0.0101,-0.015300000000000001,-0.0123,-0.013300000000000001,0.00010999999999999999,-0.0297
2022-10-26,-0.0066,0.006999999999999999,0.0089,-0.0072,0.0069,0.00010999999999999999,0.0059
2022-10-27,-0.0054,0.0044,0.0108,-0.0031,0.004699999999999999,0.00010999999999999999,0.0055000000000000005
2022-10-28,0.0233,0.001,-0.0034000000000000002,0.0039000000000000003,0.0067,0.00010999999999999999,0.0
2022-10-31,-0.0068000000000000005,0.0045000000000000005,0.0073,-0.0021,0.0044,0.00010999999999999999,0.0069
2022-11-01,-0.0034999999999999996,0.0045000000000000005,0.008,0.0002,0.0054,0.00014000000000000001,-0.0009
2022-11-02,-0.026699999999999998,-0.0084,0.016,0.0031,0.0116,0.00014000000000000001,0.0227
2022-11-03,-0.0103,0.004,0.0028000000000000004,-0.0004,0.0004,0.00014000000000000001,0.0051
2022-11-07,0.0087,-0.0034000000000000002,0.006,0.011000000000000001,0.0101,0.00014000000000000001,0.0023
2022-11-08,0.0051,-0.0053,-0.0039000000000000003,-0.0017000000000000001,0.0005,0.00014000000000000001,-0.0029
2022-11-09,-0.022400000000000003,-0.005,0.0055000000000000005,0.0096,0.0123,0.00014000000000000001,0.018000000000000002
2022-11-14,-0.0095,-0.0023,0.0036,0.005699999999999999,0.0055000000000000005,0.00014000000000000001,0.0176
2022-11-15,0.0103,0.0043,-0.0073,-0.0049,-0.0053,0.00014000000000000001,-0.0163
2022-11-16,-0.0102,-0.0108,0.005699999999999999,0.011699999999999999,0.0095,0.00014000000000000001,0.028900000000000002
2022-11-17,-0.0042,-0.0027,0.005600000000000001,0.013600000000000001,0.008199999999999999,0.00014000000000000001,0.016399999999999998
2022-11-18,0.004,-0.0009,0.0011,0.0039000000000000003,0.0070999999999999995,0.00014000000000000001,0.0129
2022-11-21,-0.0052,-0.002,0.009899999999999999,0.005,0.011399999999999999,0.00014000000000000001,0.0171
2022-11-22,0.013600000000000001,-0.0038,0.0044,0.0077,-0.0023,0.00014000000000000001,-0.0006
2022-11-23,0.0063,-0.0025,-0.009399999999999999,-0.0073,-0.0063,0.00014000000000000001,-0.018500000000000003
2022-11-25,-0.0003,0.0028000000000000004,0.0044,-0.0017000000000000001,0.0013,0.00014000000000000001,0.0068000000000000005
2022-11-28,-0.0155,-0.0048,-0.0019,0.0026,0.003,0.00014000000000000001,0.0084
2022-11-29,-0.0019,0.0034999999999999996,0.0104,0.0021,0.0051,0.00014000000000000001,0.0042
2022-12-01,-0.0002,0.0004,-0.0069,-0.0034000000000000002,-0.0036,0.00016,-0.0062
2022-12-02,-0.0008,0.0084,-0.005600000000000001,-0.0042,0.0027,0.00016,0.0021
2022-12-05,-0.0202,-0.0053,-0.0055000000000000005,0.0087,0.011000000000000001,0.00016,0.0073
2022-12-06,-0.0151,-0.0003,0.011399999999999999,0.0086,0.0077,0.00016,0.0159
2022-12-07,-0.0024,-0.0018,-0.0032,0.0009,-0.0016,0.00016,0.0054
2022-12-08,0.0076,-0.0009,-0.012,-0.005600000000000001,-0.0063,0.00016,-0.0134
2022-12-09,-0.008,-0.0054,0.0034000000000000002,0.0019,0.0013,0.00016,-0.0054
2022-12-12,0.0141,-0.0027,-0.0015,-0.0023,-0.0013,0.00016,0.0005
2022-12-13,0.0066,0.0007000000000000001,-0.0077,-0.0027,-0.0054,0.00016,-0.012199999999999999
2022-12-14,-0.005600000000000001,0.0003,-0.0045000000000000005,-0.0019,-0.0007000000000000001,0.00016,0.0023
2022-12-15,-0.025699999999999997,-0.0013,0.0138,0.0025,0.0042,0.00016,0.0166
2022-12-16,-0.0102,0.0054,0.0017000000000000001,-0.0008,0.0046,0.00016,0.0034999999999999996
2022-12-19,-0.01,-0.006,0.0125,0.0072,0.0121,0.00016,0.0213
2022-12-20,0.0013,0.0025,0.0025,-0.004699999999999999,0.0048,0.00016,0.0067
2022-12-21,0.015300000000000001,0.0014000000000000002,-0.0012,0.0039000000000000003,-0.0029,0.00016,-0.0009
2022-12-22,-0.0152,0.0022,0.0038,-0.0013,0.0089,0.00016,0.0102
2022-12-23,0.0052,-0.0034999999999999996,0.0116,0.0086,0.0054,0.00016,0.009300000000000001
2022-12-27,-0.005,-0.0042,0.0143,0.0115,0.013500000000000002,0.00016,0.0222
2022-12-28,-0.0124,-0.003,-0.0029,-0.009300000000000001,-0.0008,0.00016,-0.0034000000000000002
2022-12-29,0.0187,0.0102,-0.0106,-0.0103,-0.009000000000000001,0.00016,-0.027999999999999997
2022-12-30,-0.0022,0.0014000000000000002,-0.0004,-0.0054,-0.0002,0.00016,-0.0028000000000000004
2023-01-03,-0.004699999999999999,0.0008,-0.001,0.0027,0.0054,0.00017,-0.011000000000000001
2023-01-04,0.008100000000000001,0.005600000000000001,0.0005,-0.0069,0.0,0.00017,-0.021099999999999997
2023-01-05,-0.011399999999999999,0.0017000000000000001,0.012,0.008100000000000001,0.009000000000000001,0.00017,0.0126
2023-01-06,0.022099999999999998,0.0,0.0004,0.008199999999999999,0.0018,0.00017,-0.0018
2023-01-09,0.0004,0.0033,-0.0123,-0.006500000000000001,-0.0116,0.00017,-0.021099999999999997
2023-01-10,0.0079,0.0087,-0.005600000000000001,-0.004,-0.0049,0.00017,-0.0101
2023-01-11,0.0125,0.0001,-0.0083,-0.0019,-0.010700000000000001,0.00017,-0.0179
2023-01-12,0.0045000000000000005,0.013999999999999999,-0.0027,-0.011000000000000001,-0.0052,0.00017,-0.0059
2023-01-13,0.0046,0.0024,-0.0031,-0.0014000000000000002,-0.0029,0.00017,-0.0024
2023-01-17,-0.0018,-0.0001,-0.005600000000000001,-0.0060999999999999995,-0.0043,0.00017,-0.0072
2023-01-18,-0.0155,0.0002,-0.0070999999999999995,0.0028000000000000004,0.0001,0.00017,-0.0031
2023-01-19,-0.0086,-0.001,0.0085,0.0053,0.006999999999999999,0.00017,0.0064
2023-01-20,0.0194,-0.0004,-0.0068000000000000005,-0.0017000000000000001,-0.008,0.00017,-0.022099999999999998
2023-01-23,0.0128,-0.0004,-0.009899999999999999,-0.0040999999999999995,-0.0103,0.00017,-0.021400000000000002
2023-01-24,-0.0016,-0.0016,0.0018,-0.0019,0.0038,0.00017,0.0118
2023-01-25,0.0,0.0013,0.0069,0.0006,0.0021,0.00017,0.001
2023-01-26,0.0109,-0.0064,0.0001,-0.002,-0.004699999999999999,0.00017,-0.0126
2023-01-27,0.0034000000000000002,0.0033,-0.011200000000000002,-0.0060999999999999995,-0.0128,0.00017,-0.0252
2023-01-30,-0.0138,0.0003,0.0074,0.0036,0.009300000000000001,0.00017,0.0139
2023-01-31,0.0158,0.009300000000000001,-0.0005,-0.0011,-0.0054,0.00017,-0.006500000000000001
2023-02-01,0.011899999999999999,0.0063,-0.0165,-0.0012,-0.011399999999999999,0.00017999999999999998,-0.0258
2023-02-03,-0.0108,0.004,0.0098,0.0101,0.0105,0.00017999999999999998,0.015600000000000001
2023-02-06,-0.0073,-0.008,0.0043,-0.0022,0.0045000000000000005,0.00017999999999999998,0.0101
2023-02-07,0.0125,-0.005,-0.0005,0.003,-0.0037,0.00017999999999999998,-0.008
2023-02-08,-0.0118,-0.0069,0.0072,-0.0029,-0.0004,0.00017999999999999998,0.0091
2023-02-09,-0.009399999999999999,-0.0060999999999999995,0.0021,0.0031,0.0038,0.00017999999999999998,0.011399999999999999
2023-02-10,0.0012,-0.003,0.0151,0.0054,0.0091,0.00017999999999999998,0.0229
2023-02-13,0.011399999999999999,0.0009,-0.0073,0.0049,-0.0031,0.00017999999999999998,-0.0048
2023-02-14,0.0012,-0.0005,-0.0068000000000000005,-0.0060999999999999995,-0.009399999999999999,0.00017999999999999998,-0.0095
2023-02-15,0.005,0.0072,-0.009000000000000001,-0.011899999999999999,-0.0106,0.00017999999999999998,-0.017
2023-02-16,-0.0137,0.0022,0.0097,0.008100000000000001,0.0092,0.00017999999999999998,0.0144
2023-02-17,-0.0028000000000000004,0.0066,-0.0015,0.0015,0.005600000000000001,0.00017999999999999998,0.005
2023-02-21,-0.0216,-0.0113,0.0088,0.0038,0.008199999999999999,0.00017999999999999998,0.0151
2023-02-22,-0.0004,0.0044,-0.0046,-0.0034999999999999996,-0.0043,0.00017999999999999998,-0.006500000000000001
2023-02-23,0.004699999999999999,0.0012,-0.0023,0.002,-0.0049,0.00017999999999999998,0.0049
2023-02-24,-0.0108,-0.0025,0.0125,0.0031,0.0040999999999999995,0.00017999999999999998,0.0128
2023-02-27,0.0031,0.0005,-0.0029,0.0006,-0.0044,0.00017999999999999998,-0.0033
2023-02-28,-0.0026,0.0053,-0.0069,-0.005699999999999999,-0.0018,0.00017999999999999998,-0.004
2023-03-01,-0.0040999999999999995,0.0039000000000000003,0.0062,0.0015,0.0073,0.00016,0.015700000000000002
2023-03-02,0.0067,-0.0051,-0.0044,-0.0012,0.0017000000000000001,0.00016,-0.0033
2023-03-03,0.0161,-0.0008,-0.0054,-0.0038,-0.0077,0.00016,-0.0075
2023-03-06,-0.0013,-0.015600000000000001,-0.0007000000000000001,0.003,-0.001,0.00016,0.0062
2023-03-07,-0.014499999999999999,0.0062,-0.0068000000000000005,-0.0012,-0.0013,0.00016,0.0026
2023-03-08,0.0008,0.0007000000000000001,-0.004,0.0044,-0.0016,0.00016,-0.0004
2023-03-09,-0.0202,-0.006999999999999999,-0.0076,0.0106,0.0074,0.00016,0.0108
2023-03-10,-0.0168,-0.0141,0.0072,0.0108,0.0116,0.00016,0.0054
2023-03-14,0.0172,0.0001,-0.0036,-0.0015,-0.0046,0.00016,-0.0018
2023-03-15,-0.0079,-0.0051,-0.0184,0.0031,-0.0044,0.00016,-0.0192
2023-03-16,0.0176,0.0001,-0.0016,0.0013,-0.0072,0.00016,-0.0055000000000000005
2023-03-17,-0.0121,-0.0106,-0.016399999999999998,0.0027,-0.0024,0.00016,-0.001
2023-03-20,0.0084,-0.0034999999999999996,0.0078000000000000005,0.0051,0.0077,0.00016,0.0141
2023-03-21,0.0149,0.004699999999999999,0.0073,-0.0026,-0.0121,0.00016,-0.0128
2023-03-22,-0.0174,-0.008100000000000001,-0.0053,0.0079,0.0022,0.00016,0.0077
2023-03-23,0.0021,-0.0043,-0.0154,0.0015,-0.0085,0.00016,-0.004699999999999999
2023-03-24,0.0046,0.0018,0.0070999999999999995,0.003,0.0038,0.00016,0.0036
2023-03-27,0.0028000000000000004,0.005,0.0103,-0.0021,0.0040999999999999995,0.00016,0.0074
2023-03-28,-0.0017000000000000001,-0.0003,0.0075,0.0011,0.004699999999999999,0.00016,0.0075
2023-03-29,0.0139,-0.0036,-0.0054,-0.0092,-0.005699999999999999,0.00016,-0.011399999999999999
2023-03-30,0.0051,-0.0062,-0.0060999999999999995,0.0021,-0.0007000000000000001,0.00016,-0.0038
2023-03-31,0.015300000000000001,0.0049,-0.0076,-0.0048,-0.008199999999999999,0.00016,-0.0106
2023-04-03,0.0028000000000000004,-0.0017000000000000001,0.0079,0.0055000000000000005,0.0070999999999999995,0.00017999999999999998,0.011000000000000001
2023-04-04,-0.0072,-0.0113,-0.0072,-0.0005,-0.0002,0.00017999999999999998,-0.012199999999999999
2023-04-05,-0.0039000000000000003,-0.01,0.013999999999999999,0.0079,0.0129,0.00017999999999999998,0.0089
2023-04-06,0.0034000000000000002,-0.0003,-0.0051,-0.0044,-0.0016,0.00017999999999999998,-0.009399999999999999
2023-04-10,0.002,0.0085,0.0026,-0.0002,-0.0013,0.00017999999999999998,0.0044
2023-04-11,0.0006,0.0069,0.0055000000000000005,0.0005,0.0013,0.00017999999999999998,0.0001
2023-04-12,-0.0051,-0.0044,0.0037,0.0048,0.0044,0.00017999999999999998,0.013300000000000001
2023-04-13,0.0139,0.0015,-0.0118,-0.0027,-0.0075,0.00017999999999999998,-0.0116
2023-04-14,-0.0023,-0.0076,0.002,0.0072,0.0013,0.00017999999999999998,0.005699999999999999
2023-04-17,0.0033,0.0070999999999999995,-0.002,-0.0129,-0.0033,0.00017999999999999998,-0.0037
2023-04-18,0.0004,-0.0040999999999999995,-0.0031,0.0005,0.0018,0.00017999999999999998,0.0108
2023-04-19,-0.0004,0.0026,0.0042,0.0001,0.0011,0.00017999999999999998,-0.0019
2023-04-20,-0.0060999999999999995,0.0014000000000000002,-0.0028000000000000004,0.0073,0.0053,0.00017999999999999998,0.0174
2023-04-21,0.0008,0.0009,-0.0095,-0.0064,-0.0018,0.00017999999999999998,-0.0049
2023-04-24,0.0,-0.0027,0.0046,0.0068000000000000005,0.0032,0.00017999999999999998,0.0052
2023-04-25,-0.0176,-0.008199999999999999,0.0009,0.0043,0.0096,0.00017999999999999998,0.0116
2023-04-26,-0.0042,-0.0004,-0.0074,0.0002,-0.004,0.00017999999999999998,-0.0058
2023-04-27,0.018500000000000003,-0.0059,0.0,0.0045000000000000005,-0.0025,0.00017999999999999998,-0.0066
2023-04-28,0.0078000000000000005,0.0023,0.0019,0.0012,0.0022,0.00017999999999999998,0.0
2023-05-01,-0.0002,0.0019,-0.008199999999999999,-0.004,0.0024,0.00016,0.0159
2023-05-02,-0.0127,-0.0075,-0.0147,0.0062,0.0017000000000000001,0.00016,0.0095
2023-05-03,-0.005699999999999999,0.0088,-0.0103,-0.009300000000000001,-0.004,0.00016,-0.0027
2023-05-04,-0.0078000000000000005,-0.0052,-0.0104,-0.0060999999999999995,-0.0031,0.00016,0.0039000000000000003
2023-05-05,0.0191,0.005,0.0069,0.0026,-0.0072,0.00016,-0.0126
2023-05-08,0.0007000000000000001,-0.0037,-0.003,-0.0055000000000000005,-0.0038,0.00016,0.0027
2023-05-09,-0.0043,0.0012,-0.0002,-0.0040999999999999995,-0.0043,0.00016,0.0060999999999999995
2023-05-10,0.0043,0.002,-0.0132,-0.0013,-0.0083,0.00016,0.0012
2023-05-11,-0.002,-0.0053,-0.0009,0.0084,0.0013,0.00016,0.0017000000000000001
2023-05-12,-0.0022,-0.001,0.0034000000000000002,0.0038,0.0048,0.00016,0.0053
2023-05-15,0.0046,0.008,0.0001,-0.006500000000000001,-0.0053,0.00016,-0.0098
2023-05-16,-0.0072,-0.0046,-0.0048,0.0079,-0.0013,0.00016,0.0073
2023-05-17,0.0131,0.0085,0.012199999999999999,-0.003,-0.0031,0.00016,-0.016399999999999998
2023-05-18,0.009899999999999999,-0.0023,-0.0038,0.0019,-0.0070999999999999995,0.00016,-0.003
2023-05-19,-0.0026,-0.0038,-0.0032,-0.0003,0.0015,0.00016,0.004699999999999999
2023-05-22,0.0017000000000000001,0.011200000000000002,-0.002,-0.0126,-0.009399999999999999,0.00016,-0.0213
2023-05-23,-0.011000000000000001,0.006,0.0109,0.0018,0.0024,0.00016,-0.0095
2023-05-24,-0.0072,-0.0039000000000000003,-0.002,-0.0003,-0.0007000000000000001,0.00016,0.0097
2023-05-26,0.0132,-0.003,-0.0086,-0.0023,-0.0058,0.00016,-0.005699999999999999
2023-05-30,-0.0001,-0.0025,-0.0043,-0.0028000000000000004,-0.009899999999999999,0.00016,-0.0060999999999999995
2023-05-31,-0.006,-0.0026,-0.0116,-0.0111,0.0011,0.00016,0.0018
2023-06-01,0.0102,0.0007000000000000001,-0.0006,0.0003,-0.0040999999999999995,0.00018999999999999998,0.0009
2023-06-02,0.016200000000000003,0.0172,0.0167,0.0036,0.0072,0.00018999999999999998,-0.0131
2023-06-05,-0.0026,-0.0111,-0.0075,-0.006500000000000001,-0.0048,0.00018999999999999998,0.0043
2023-06-07,-0.0036,0.018799999999999997,0.022799999999999997,0.0076,0.0139,0.00018999999999999998,-0.0144
2023-06-08,0.0059,-0.0078000000000000005,-0.0115,-0.0015,-0.0055000000000000005,0.00018999999999999998,0.0042
2023-06-09,0.0003,-0.008,-0.0040999999999999995,0.0009,-0.0022,0.00018999999999999998,0.0013
2023-06-12,0.009399999999999999,-0.0026,-0.014199999999999999,-0.0029,-0.0078000000000000005,0.00018999999999999998,-0.0005
2023-06-13,0.0074,0.0053,0.0005,-0.005,-0.0052,0.00018999999999999998,-0.011000000000000001
2023-06-14,-0.0003,-0.0105,-0.0092,0.0069,-0.0027,0.00018999999999999998,0.010700000000000001
2023-06-15,0.012199999999999999,-0.0038,0.0009,0.0011,-0.0004,0.00018999999999999998,-0.0060999999999999995
2023-06-16,-0.0045000000000000005,-0.0051,0.0022,0.0022,0.004,0.00018999999999999998,-0.0063
2023-06-20,-0.0049,0.002,-0.0068000000000000005,-0.0009,-0.005600000000000001,0.00018999999999999998,0.005699999999999999
2023-06-21,-0.005600000000000001,0.0029,0.0053,0.0060999999999999995,0.009300000000000001,0.00018999999999999998,0.0128
2023-06-22,0.0032,-0.0096,-0.0126,0.002,-0.0055000000000000005,0.00018999999999999998,0.0045000000000000005
2023-06-23,-0.0084,-0.006,0.0008,0.0023,0.0011,0.00018999999999999998,0.0018
2023-06-26,-0.0048,-0.0001,0.0129,0.0060999999999999995,0.008100000000000001,0.00018999999999999998,-0.0059
2023-06-27,0.0121,0.0032,-0.0051,0.0025,-0.0072,0.00018999999999999998,-0.003
2023-06-28,0.0003,0.0048,-0.0044,-0.0064,-0.0044,0.00018999999999999998,0.002
2023-06-29,0.0044,0.0076,0.0078000000000000005,0.006,0.0049,0.00018999999999999998,-0.0032
2023-06-30,0.011399999999999999,-0.0072,-0.0079,-0.0005,-0.0033,0.00018999999999999998,0.008100000000000001
2023-07-03,0.0015,0.0027,0.0105,0.0016,0.0011,0.00021999999999999998,-0.0113
2023-07-05,-0.0029,-0.0106,-0.0027,-0.0028000000000000004,-0.0001,0.00021999999999999998,-0.0007000000000000001
2023-07-06,-0.009399999999999999,-0.0059,-0.0069,0.0058,0.0005,0.00021999999999999998,0.0038
2023-07-07,-0.0013,0.013000000000000001,0.012,-0.0022,0.0018,0.00021999999999999998,-0.0068000000000000005
2023-07-10,0.0036,0.0124,-0.0001,-0.0102,0.0054,0.00021999999999999998,0.0053
2023-07-11,0.0076,0.0018,0.0048,-0.0022,0.0028000000000000004,0.00021999999999999998,-0.0079
2023-07-12,0.0074,0.0037,0.0046,-0.0031,-0.0044,0.00021999999999999998,0.0008
2023-07-13,0.009000000000000001,-0.0007000000000000001,-0.001,-0.0017000000000000001,-0.0067,0.00021999999999999998,0.0015
2023-07-14,-0.0025,-0.006999999999999999,-0.0152,0.0043,-0.0055000000000000005,0.00021999999999999998,0.0077
2023-07-17,0.0048,0.006500000000000001,-0.0026,-0.004,-0.0005,0.00021999999999999998,0.0092
2023-07-18,0.0078000000000000005,0.0044,0.0108,0.0063,-0.0045000000000000005,0.00021999999999999998,-0.0048
2023-07-19,0.0025,0.0026,0.0132,0.0015,0.0017000000000000001,0.00021999999999999998,-0.018600000000000002
2023-07-21,-0.0005,-0.0037,-0.0036,-0.0015,0.0011,0.00021999999999999998,-0.0079
2023-07-24,0.0031,-0.0004,0.0076,0.009399999999999999,-0.0023,0.00021999999999999998,-0.0048
2023-07-25,0.0025,-0.0023,-0.0079,0.0049,-0.004,0.00021999999999999998,0.009000000000000001
2023-07-26,0.0001,0.0086,0.0103,-0.0038,0.0066,0.00021999999999999998,-0.0161
2023-07-27,-0.0074,-0.008,0.0028000000000000004,0.004,0.0015,0.00021999999999999998,0.0098
2023-07-28,0.0113,0.0042,-0.0033,-0.0076,-0.0039000000000000003,0.00021999999999999998,0.0053
2023-07-31,0.0025,0.01,-0.0009,-0.0096,0.0006,0.00021999999999999998,-0.0005
2023-08-01,-0.0034000000000000002,-0.0012,0.0031,0.0018,-0.0028000000000000004,0.0002,0.0060999999999999995
2023-08-02,-0.0149,-0.0004,0.005699999999999999,0.0068000000000000005,0.0066,0.0002,-0.0028000000000000004
2023-08-03,-0.0019,0.0003,0.0009,0.0031,-0.0034000000000000002,0.0002,0.0014000000000000002
2023-08-04,-0.0048,0.0006,0.0076,-0.0017000000000000001,-0.006500000000000001,0.0002,-0.0046
2023-08-07,0.0078000000000000005,-0.0109,0.0059,0.006500000000000001,-0.0009,0.0002,0.004
2023-08-08,-0.004699999999999999,0.0009,0.0013,0.0048,0.0002,0.0002,0.0037
2023-08-09,-0.0078000000000000005,-0.0001,-0.0004,0.0087,0.0001,0.0002,-0.003
2023-08-10,0.0001,-0.0045000000000000005,-0.0068000000000000005,-0.0001,-0.0005,0.0002,-0.003
2023-08-11,-0.0011,0.0025,0.0044,-0.0019,0.0037,0.0002,-0.003
2023-08-14,0.0051,-0.0085,-0.0078000000000000005,0.0011,-0.0063,0.0002,0.011399999999999999
2023-08-15,-0.0118,0.0,-0.0103,0.0019,0.0005,0.0002,0.0105
2023-08-16,-0.008100000000000001,-0.0048,-0.0015,0.0038,0.0002,0.0002,-0.0018
2023-08-17,-0.0087,-0.0017000000000000001,0.004699999999999999,0.0052,0.002,0.0002,-0.0111
2023-08-18,0.0004,0.0042,-0.0022,0.0009,-0.0012,0.0002,0.0048
2023-08-21,0.0064,-0.0088,-0.0058,0.0019,-0.0087,0.0002,0.005
2023-08-22,-0.0032,-0.0001,-0.0105,-0.0033,-0.0023,0.0002,0.0046
2023-08-23,0.0108,-0.0022,-0.0012,-0.0038,-0.0024,0.0002,0.0073
2023-08-24,-0.014199999999999999,0.0002,0.0062,0.0051,0.0039000000000000003,0.0002,-0.0027
2023-08-25,0.006500000000000001,-0.0023,-0.005699999999999999,-0.0034999999999999996,-0.0017000000000000001,0.0002,-0.004699999999999999
2023-08-28,0.0063,0.0009,0.004,0.0027,0.0004,0.0002,0.0008
2023-08-29,0.015,-0.0008,-0.0013,-0.0004,-0.0043,0.0002,0.0005
2023-08-30,0.0040999999999999995,0.0009,-0.0046,-0.0042,-0.0003,0.0002,0.0034000000000000002
2023-08-31,-0.0008,-0.002,0.0022,0.0005,-0.0024,0.0002,0.0023
2023-09-01,0.0026,0.0084,0.005699999999999999,-0.0004,-0.0021,0.00021,0.0033
2023-09-05,-0.0054,-0.015700000000000002,-0.0086,-0.0029,-0.0049,0.00021,-0.0034999999999999996
2023-09-06,-0.0070999999999999995,0.0002,-0.0018,-0.0045000000000000005,0.001,0.00021,0.0074
2023-09-07,-0.004,-0.006999999999999999,0.0003,-0.0021,0.0001,0.00021,0.0014000000000000002
2023-09-08,0.0012,-0.005,0.004,0.0031,0.0001,0.00021,0.0009
2023-09-11,0.0066,-0.0048,-0.0054,-0.0048,-0.0034999999999999996,0.00021,-0.0048
2023-09-12,-0.0059,0.002,0.0101,0.0025,0.0021,0.00021,-0.0067
2023-09-13,0.0004,-0.0086,-0.0019,0.0026,-0.0036,0.00021,0.0019
2023-09-14,0.0083,0.005,0.0085,0.008199999999999999,0.0003,0.00021,-0.0040999999999999995
2023-09-15,-0.0121,0.0021,0.0025,-0.0032,0.0048,0.00021,-0.0062
2023-09-18,-0.0004,-0.008100000000000001,-0.0018,0.002,-0.0003,0.00021,0.0127
2023-09-19,-0.0026,-0.0011,0.0001,0.0031,0.003,0.00021,-0.0007000000000000001
2023-09-20,-0.0095,-0.0005,0.0026,0.0028000000000000004,0.0049,0.00021,-0.0040999999999999995
2023-09-21,-0.0168,0.0034000000000000002,0.0038,0.005699999999999999,0.0012,0.00021,0.0005
2023-09-22,-0.0025,-0.001,-0.005,0.0019,-0.0017000000000000001,0.00021,0.0067
2023-09-25,0.0039000000000000003,-0.0006,0.0032,0.0059,-0.004699999999999999,0.00021,0.0013
2023-09-26,-0.0146,0.0036,-0.005,-0.0034999999999999996,-0.0006,0.00021,0.0039000000000000003
2023-09-27,0.0013,0.0078000000000000005,0.001,0.0019,-0.0026,0.00021,0.0115
2023-09-28,0.006500000000000001,0.002,0.0003,0.0042,-0.0003,0.00021,0.0027
2023-09-29,-0.0028000000000000004,-0.0003,0.0031,-0.0018,-0.0016,0.00021,-0.009300000000000001
2023-10-02,-0.0014000000000000002,-0.0128,-0.0105,0.0087,-0.0052,0.00021,0.013300000000000001
2023-10-03,-0.0149,-0.0026,-0.0014000000000000002,0.0031,0.0015,0.00021,-0.0077
2023-10-04,0.0077,-0.0052,-0.0038,-0.0036,-0.0032,0.00021,0.009300000000000001
2023-10-05,-0.0015,0.0028000000000000004,0.001,-0.0046,-0.0012,0.00021,-0.0015
2023-10-06,0.0121,-0.0044,-0.005600000000000001,-0.0032,-0.0051,0.00021,0.0066
2023-10-09,0.0059,-0.0016,0.0025,0.008100000000000001,-0.0039000000000000003,0.00021,0.001
2023-10-10,0.006,0.0033,0.0063,-0.0022,0.002,0.00021,-0.0059
2023-10-11,0.0033,-0.006500000000000001,0.0037,0.0064,-0.0025,0.00021,0.0058
2023-10-12,-0.008100000000000001,-0.0149,0.0011,0.0121,-0.0021,0.00021,0.0025
2023-10-13,-0.0059,-0.0034999999999999996,0.0006,0.0007000000000000001,0.0045000000000000005,0.00021,-0.0075
2023-10-16,0.0113,0.005600000000000001,-0.0009,-0.0039000000000000003,-0.0002,0.00021,-0.0028000000000000004
2023-10-17,0.0009,0.0105,0.0069,-0.0007000000000000001,0.0032,0.00021,-0.006
2023-10-18,-0.0146,-0.006,-0.0018,0.0087,0.0045000000000000005,0.00021,0.0025
2023-10-19,-0.0092,-0.0054,-0.0022,-0.0006,-0.0001,0.00021,-0.0008
2023-10-20,-0.0132,0.0009,-0.0016,0.0021,0.0038,0.00021,0.004
2023-10-23,-0.0023,-0.0058,-0.0077,0.0019,-0.0044,0.00021,0.0085
2023-10-24,0.0074,0.0009,-0.0058,-0.009000000000000001,0.0016,0.00021,0.006
2023-10-25,-0.015700000000000002,-0.0002,0.0085,0.015,0.0019,0.00021,-0.0074
2023-10-26,-0.0115,0.011899999999999999,0.0169,-0.0076,0.005,0.00021,-0.0141
2023-10-27,-0.0052,-0.0058,-0.0058,0.0042,-0.0097,0.00021,0.0151
2023-10-30,0.0115,-0.0032,0.0031,-0.0016,0.0017000000000000001,0.00021,0.0011
2023-10-31,0.0063,0.0005,-0.0004,-0.0088,0.0006,0.00021,-0.006
2023-11-01,0.009300000000000001,-0.006999999999999999,-0.0002,0.0009,-0.006999999999999999,0.00021,0.0176
2023-11-02,0.0194,0.006999999999999999,0.016399999999999998,-0.0024,0.0053,0.00021,-0.012199999999999999
2023-11-03,0.011000000000000001,0.0173,0.0062,-0.0121,0.0018,0.00021,-0.0101
2023-11-06,0.0001,-0.0124,-0.0064,0.0087,-0.0019,0.00021,0.0104
2023-11-07,0.0034999999999999996,-0.0037,-0.0125,-0.012199999999999999,-0.0006,0.00021,0.0077
2023-11-08,-0.0003,-0.0101,-0.0046,0.0043,0.0005,0.00021,0.0106
2023-11-09,-0.0089,-0.009899999999999999,0.004699999999999999,0.005600000000000001,-0.0029,0.00021,0.01
2023-11-10,0.0149,-0.0060999999999999995,-0.0044,0.0073,-0.0034999999999999996,0.00021,0.0123
2023-11-13,-0.0005,0.0007000000000000001,-0.0026,-0.0029,-0.0018,0.00021,0.0022
2023-11-15,0.0018,0.0012,0.0049,-0.0013,0.005,0.00021,-0.016399999999999998
2023-11-16,-0.0011,-0.0149,-0.003,-0.0045000000000000005,-0.0036,0.00021,0.009000000000000001
2023-11-17,0.0025,0.012,0.0062,0.0002,0.0034999999999999996,0.00021,-0.0053
2023-11-20,0.0073,-0.0012,-0.0029,-0.003,-0.003,0.00021,0.005699999999999999
2023-11-21,-0.0032,-0.0095,-0.0060999999999999995,0.0042,-0.0003,0.00021,0.0070999999999999995
2023-11-22,0.004699999999999999,0.0019,-0.0004,-0.0037,0.0,0.00021,-0.0019
2023-11-24,0.0011,0.0062,0.0019,-0.0051,0.0024,0.00021,-0.0031
2023-11-27,-0.0023,-0.0014000000000000002,-0.0009,0.0014000000000000002,-0.0024,0.00021,0.0079
2023-11-28,0.0005,-0.0031,0.0004,-0.0017000000000000001,0.0002,0.00021,-0.006
2023-11-29,0.0001,0.005600000000000001,0.006999999999999999,-0.0077,-0.0005,0.00021,-0.0095
2023-11-30,0.0034999999999999996,-0.004,0.0001,-0.0009,0.0018,0.00021,0.0018
2023-12-04,-0.0044,0.015,0.0051,-0.0042,0.0078000000000000005,0.00021,-0.0069
2023-12-05,-0.0021,-0.0105,-0.008100000000000001,0.0019,-0.0043,0.00021,0.0123
2023-12-06,-0.004,0.0037,0.0031,-0.0021,0.0025,0.00021,-0.0137
2023-12-07,0.008100000000000001,0.0011,0.004699999999999999,0.0008,-0.002,0.00021,-0.0009
2023-12-08,0.0044,0.0014000000000000002,0.0052,-0.0014000000000000002,-0.0012,0.00021,0.0062
2023-12-11,0.0036,-0.0044,-0.0013,0.0003,0.0068000000000000005,0.00021,-0.0009
2023-12-12,0.0034000000000000002,-0.0064,-0.0087,-0.0036,-0.0021,0.00021,0.0058
2023-12-13,0.0155,0.019299999999999998,0.013500000000000002,-0.009899999999999999,0.0015,0.00021,-0.0208
2023-12-14,0.005,0.0181,0.0203,0.0,0.0042,0.00021,-0.016200000000000003
2023-12-15,-0.0006,-0.0058,-0.0058,0.0016,-0.0034999999999999996,0.00021,0.0092
2023-12-18,0.0042,-0.0051,-0.0038,0.0034999999999999996,-0.0025,0.00021,0.0103
2023-12-19,0.0072,0.015,0.0069,-0.004,0.0006,0.00021,-0.0051
2023-12-20,-0.0155,-0.0034000000000000002,0.0012,0.0077,0.0006,0.00021,0.0059
2023-12-21,0.0109,0.0075,-0.0004,-0.0058,-0.0018,0.00021,-0.0021
2023-12-22,0.002,0.0060999999999999995,0.001,-0.006500000000000001,0.002,0.00021,-0.0048
2023-12-26,0.0048,0.008100000000000001,0.0045000000000000005,-0.0034999999999999996,-0.0015,0.00021,-0.0022
2023-12-27,0.0016,0.0016,0.0012,-0.0032,-0.0014000000000000002,0.00021,0.0011
2023-12-28,-0.0001,-0.0039000000000000003,0.0004,-0.0032,0.0016,0.00021,-0.0048
2023-12-29,-0.0043,-0.011200000000000002,-0.0037,0.0068000000000000005,-0.0008,0.00021,0.0009
2024-01-02,-0.006999999999999999,-0.0025,0.0078000000000000005,0.0068000000000000005,0.0063,0.00021999999999999998,-0.0212
2024-01-04,-0.0033,0.0024,0.001,-0.0042,0.0025,0.00021999999999999998,-0.003
2024-01-05,0.0015,-0.0059,0.0063,0.0011,-0.0017000000000000001,0.00021999999999999998,-0.0024
2024-01-08,0.0149,0.0054,-0.0126,-0.0098,-0.0045000000000000005,0.00021999999999999998,0.0091
2024-01-09,-0.0021,-0.0075,-0.0089,-0.003,-0.0017000000000000001,0.00021999999999999998,0.0095
2024-01-10,0.0051,-0.0029,-0.0045000000000000005,0.0026,-0.0019,0.00021999999999999998,0.0097
2024-01-11,-0.0014000000000000002,-0.0066,-0.0051,0.0045000000000000005,-0.0012,0.00021999999999999998,0.0097
2024-01-12,-0.0001,-0.0022,-0.0049,0.0013,-0.0025,0.00021999999999999998,0.0063
2024-01-16,-0.004699999999999999,-0.0084,-0.0055000000000000005,0.0011,-0.0025,0.00021999999999999998,0.0108
2024-01-17,-0.0059,-0.0014000000000000002,-0.0023,0.0025,-0.0024,0.00021999999999999998,0.0058
2024-01-18,0.0087,-0.0027,-0.0034999999999999996,0.006999999999999999,-0.002,0.00021999999999999998,0.0091
2024-01-19,0.011899999999999999,-0.004,0.0066,-0.0004,-0.0024,0.00021999999999999998,0.0085
2024-01-22,0.0038,0.0181,0.005699999999999999,-0.0044,0.001,0.00021999999999999998,-0.0003
2024-01-23,0.0022,-0.006999999999999999,-0.0055000000000000005,-0.0017000000000000001,0.0022,0.00021999999999999998,-0.0063
2024-01-24,-0.0001,-0.0078000000000000005,0.0007000000000000001,0.0023,-0.0038,0.00021999999999999998,0.005699999999999999
2024-01-25,0.0046,0.002,0.005699999999999999,-0.0019,0.0055000000000000005,0.00021999999999999998,-0.0031
2024-01-26,-0.0002,0.0034999999999999996,-0.0027,0.002,-0.0003,0.00021999999999999998,-0.0013
2024-01-29,0.0085,0.0089,-0.0058,-0.011200000000000002,-0.0032,0.00021999999999999998,0.0034000000000000002
2024-01-30,-0.0013,-0.0096,0.0084,0.01,0.0014000000000000002,0.00021999999999999998,0.0046
2024-01-31,-0.0174,-0.0089,-0.0029,-0.002,0.0036,0.00021999999999999998,-0.0038
2024-02-01,0.0123,0.0034000000000000002,-0.013500000000000002,-0.0004,-0.0028000000000000004,0.00021,0.0031
2024-02-02,0.009899999999999999,-0.015700000000000002,-0.0051,-0.0017000000000000001,-0.0141,0.00021,0.0165
2024-02-05,-0.0042,-0.009300000000000001,-0.0066,0.001,-0.0013,0.00021,0.0125
2024-02-06,0.0027,0.0077,-0.005,-0.006999999999999999,0.0059,0.00021,-0.014199999999999999
2024-02-07,0.0077,-0.0103,-0.0062,0.0062,-0.008199999999999999,0.00021,0.0091
2024-02-08,0.0021,0.014199999999999999,0.0001,-0.0052,-0.002,0.00021,-0.0004
2024-02-09,0.006500000000000001,0.0083,-0.004,-0.0034999999999999996,-0.0042,0.00021,0.0088
2024-02-12,0.0004,0.0166,0.0111,-0.0004,0.0044,0.00021,-0.013999999999999999
2024-02-14,0.011399999999999999,0.0137,-0.0021,-0.0154,-0.0018,0.00021,0.0
2024-02-15,0.0067,0.0123,0.0104,-0.002,0.0026,0.00021,-0.012199999999999999
2024-02-16,-0.0053,-0.006500000000000001,-0.0017000000000000001,0.0008,0.0019,0.00021,0.0009
2024-02-20,-0.0073,-0.006999999999999999,0.0033,0.0039000000000000003,0.0053,0.00021,-0.0042
2024-02-21,-0.0002,-0.0066,0.0013,0.0088,0.002,0.00021,-0.0032
2024-02-22,0.0202,-0.0155,-0.0129,0.004,-0.011699999999999999,0.00021,0.0215
2024-02-23,0.0002,0.0036,0.0,0.0016,-0.0011,0.00021,0.0007000000000000001
2024-02-26,-0.0026,0.0098,-0.0011,-0.0073,-0.0001,0.00021,0.0108
2024-02-27,0.0027,0.0124,-0.0043,-0.011200000000000002,0.0067,0.00021,-0.009399999999999999
2024-02-28,-0.0026,-0.0089,-0.0002,-0.0002,0.0054,0.00021,-0.0005
2024-02-29,0.0053,-0.0017000000000000001,0.0097,0.0028000000000000004,-0.0072,0.00021,0.0042
2024-03-01,0.0076,0.0001,-0.0055000000000000005,-0.0023,-0.0013,0.00021,0.0073
2024-03-04,-0.0018,-0.006,0.0034000000000000002,-0.0018,0.0024,0.00021,0.0006
2024-03-05,-0.010700000000000001,0.0003,0.011699999999999999,0.0092,0.0058,0.00021,-0.0096
2024-03-06,0.0053,-0.0025,-0.0003,-0.0108,-0.0003,0.00021,-0.0006
2024-03-07,0.0102,-0.0048,0.0002,0.004,-0.0073,0.00021,0.0006
2024-03-08,-0.0066,0.0062,0.0058,-0.0038,0.0054,0.00021,-0.0077
2024-03-11,-0.002,-0.0062,0.0039000000000000003,0.0045000000000000005,0.0062,0.00021,-0.015
2024-03-12,0.0104,-0.011699999999999999,-0.0069,0.0053,-0.0075,0.00021,0.018600000000000002
2024-03-13,-0.0014000000000000002,0.0034000000000000002,-0.0002,-0.0005,0.0017000000000000001,0.00021,-0.0001
2024-03-14,-0.0042,-0.0146,-0.0104,0.0106,-0.0009,0.00021,0.0069
2024-03-15,-0.0058,0.0097,0.0079,-0.0008,0.004,0.00021,-0.0055000000000000005
2024-03-18,0.0053,-0.0103,-0.0026,0.002,-0.0013,0.00021,0.0033
2024-03-19,0.0054,0.0045000000000000005,-0.0027,0.0043,0.0005,0.00021,0.0052
2024-03-20,0.0102,0.0104,0.0101,-0.0023,-0.0006,0.00021,0.0031
2024-03-21,0.0042,0.0034000000000000002,0.0095,0.0024,0.0006,0.00021,0.0058
2024-03-22,-0.0023,-0.0096,-0.0054,0.0031,-0.0037,0.00021,0.004699999999999999
2024-03-25,-0.0027,-0.0011,0.0086,-0.0023,-0.0018,0.00021,-0.0034000000000000002
2024-03-26,-0.0026,0.001,-0.0012,-0.0049,0.0023,0.00021,0.0009
2024-03-27,0.0088,0.0129,0.0091,-0.0017000000000000001,0.0058,0.00021,-0.013500000000000002
2024-03-28,0.0011,0.0045000000000000005,0.0048,-0.0006,0.0009,0.00021,-0.0043
2024-04-01,-0.0026,-0.009000000000000001,-0.0029,0.0034999999999999996,-0.0032,0.00021,0.0027
2024-04-02,-0.0085,-0.0102,0.0003,0.0029,0.0005,0.00021,0.0027
2024-04-03,0.0017000000000000001,0.0033,-0.0004,0.0009,-0.0019,0.00021,0.0068000000000000005
2024-04-04,-0.012199999999999999,0.0021,0.0015,0.0002,0.0007000000000000001,0.00021,-0.01
2024-04-05,0.0106,-0.0051,-0.0068000000000000005,-0.0027,-0.0058,0.00021,0.014499999999999999
2024-04-08,0.0001,0.0054,0.0013,-0.0023,0.001,0.00021,-0.006
2024-04-09,0.0013,0.0032,-0.0034000000000000002,-0.0015,0.0007000000000000001,0.00021,-0.0138
2024-04-10,-0.01,-0.0154,-0.0104,0.004,-0.0044,0.00021,0.008199999999999999
2024-04-11,0.0073,0.0005,-0.0060999999999999995,0.0013,-0.0053,0.00021,0.0128
2024-04-12,-0.015300000000000001,-0.0037,0.0011,0.0064,-0.0025,0.00021,-0.0004
2024-04-15,-0.0129,-0.0023,0.0075,0.0085,0.0043,0.00021,-0.0028000000000000004
2024-04-16,-0.0023,-0.0027,-0.008199999999999999,0.0003,-0.0025,0.00021,0.0069
2024-04-17,-0.0064,-0.0037,0.005600000000000001,-0.003,0.0053,0.00021,-0.0089
2024-04-18,-0.0027,-0.0009,0.0088,-0.0002,0.0028000000000000004,0.00021,-0.005600000000000001
2024-04-19,-0.008199999999999999,0.0126,0.0189,-0.0007000000000000001,0.0129,0.00021,-0.0184
2024-04-22,0.0087,-0.0012,0.0054,-0.0024,0.0,0.00021,0.0053
2024-04-23,0.0127,0.005600000000000001,0.0001,-0.0017000000000000001,-0.0060999999999999995,0.00021,0.0125
2024-04-24,-0.0001,-0.0029,0.0027,0.0024,-0.0001,0.00021,-0.0060999999999999995
2024-04-25,-0.004699999999999999,-0.0038,-0.002,0.0042,-0.001,0.00021,0.0002
2024-04-26,0.0104,0.0022,-0.0106,0.0003,-0.0043,0.00021,0.0116
2024-04-29,0.0034000000000000002,0.0034000000000000002,-0.0048,0.0022,-0.0011,0.00021,-0.0070999999999999995
2024-04-30,-0.0167,-0.0027,-0.0024,-0.0059,0.0062,0.00021,-0.0064
2024-05-01,-0.0027,0.0095,0.0004,-0.013999999999999999,0.0009,0.0002,-0.0023
2024-05-02,0.0101,0.0077,-0.0004,0.001,-0.0079,0.0002,0.0042
2024-05-03,0.0118,-0.0004,-0.0019,0.0043,-0.0053,0.0002,-0.0024
2024-05-06,0.0108,-0.0001,-0.0006,-0.0023,-0.0069,0.0002,0.0101
2024-05-07,0.0005,0.0004,-0.0062,0.0021,0.0024,0.0002,-0.0015
2024-05-08,-0.0009,-0.004,0.005699999999999999,0.006999999999999999,0.0015,0.0002,-0.0006
2024-05-09,0.0052,0.0051,0.0036,0.0,0.0006,0.0002,-0.0055000000000000005
2024-05-10,0.0009,-0.009000000000000001,0.0,0.0052,-0.0006,0.0002,0.0029
2024-05-13,-0.0004,0.0025,-0.0026,0.0014000000000000002,0.0024,0.0002,-0.011200000000000002
2024-05-14,0.005600000000000001,0.0052,0.0003,-0.0018,-0.0003,0.0002,-0.0029
2024-05-15,0.0115,-0.0046,-0.0021,-0.0042,-0.0037,0.0002,0.0113
2024-05-16,-0.0025,-0.0021,-0.0001,-0.0003,0.0038,0.0002,-0.0101
2024-05-17,0.0011,-0.0021,0.0039000000000000003,-0.0017000000000000001,-0.0011,0.0002,0.0033
2024-05-20,0.0014000000000000002,0.0016,-0.0088,0.0016,-0.006500000000000001,0.0002,0.0043
2024-05-21,0.0016,-0.0044,0.0019,0.004,-0.003,0.0002,0.0013
2024-05-22,-0.0034999999999999996,-0.0039000000000000003,-0.0037,-0.0042,-0.0005,0.0002,-0.0058
2024-05-23,-0.0084,-0.0066,-0.006500000000000001,0.013300000000000001,-0.0063,0.0002,0.0192
2024-05-24,0.0072,0.0017000000000000001,0.0015,0.0031,-0.0038,0.0002,0.0027
2024-05-28,-0.0004,0.0011,-0.0086,0.0005,-0.011200000000000002,0.0002,0.0054
2024-05-29,-0.0077,-0.0039000000000000003,-0.0062,0.004699999999999999,-0.0002,0.0002,0.0026
2024-05-30,-0.0053,0.013600000000000001,0.01,0.0032,0.0106,0.0002,-0.0049
2024-05-31,0.0068000000000000005,-0.0002,0.0077,0.0092,0.0078000000000000005,0.0002,-0.0068000000000000005
2024-06-03,0.0005,-0.0032,-0.005600000000000001,0.0034999999999999996,-0.0044,0.00021999999999999998,-0.0019
2024-06-04,-0.0006,-0.0127,-0.0076,-0.0019,-0.0012,0.00021999999999999998,-0.0021
2024-06-05,0.0123,0.0032,-0.006,-0.004699999999999999,-0.0068000000000000005,0.00021999999999999998,0.0121
2024-06-06,-0.0006,-0.005699999999999999,-0.0007000000000000001,-0.0004,-0.0017000000000000001,0.00021999999999999998,-0.005600000000000001
2024-06-07,-0.0023,-0.009399999999999999,0.0007000000000000001,0.0034999999999999996,0.0019,0.00021999999999999998,0.0012
2024-06-10,0.0027,-0.0015,-0.0028000000000000004,-0.0022,-0.0044,0.00021999999999999998,0.0088
2024-06-11,0.002,-0.0019,-0.010700000000000001,0.0025,-0.0021,0.00021999999999999998,-0.0022
2024-06-12,0.009399999999999999,0.0072,0.0009,0.0008,-0.0034000000000000002,0.00021999999999999998,0.0068000000000000005
2024-06-13,0.0005,-0.0101,-0.0063,0.01,-0.0003,0.00021999999999999998,0.0069
2024-06-14,-0.0016,-0.0148,-0.0063,0.0015,0.0007000000000000001,0.00021999999999999998,0.0024
2024-06-17,0.0078000000000000005,-0.0031,0.0052,0.009300000000000001,0.0023,0.00021999999999999998,-0.0008
2024-06-18,0.002,-0.0044,0.0037,0.0029,-0.001,0.00021999999999999998,0.0108
2024-06-20,-0.003,-0.0036,0.0026,-0.0064,0.0032,0.00021999999999999998,-0.0085
2024-06-21,-0.0013,0.0044,-0.0051,-0.008,0.0017000000000000001,0.00021999999999999998,-0.0102
2024-06-24,-0.0026,0.0063,0.0109,0.0002,0.0064,0.00021999999999999998,-0.008
2024-06-25,0.0031,-0.008100000000000001,-0.0121,0.0011,-0.012,0.00021999999999999998,0.012199999999999999
2024-06-26,0.0016,0.0,-0.0022,0.0046,-0.0028000000000000004,0.00021999999999999998,-0.0040999999999999995
2024-06-27,0.0014000000000000002,0.0051,-0.0037,-0.009899999999999999,-0.0011,0.00021999999999999998,-0.0022
2024-06-28,-0.0034999999999999996,0.0101,0.0128,-0.0019,0.0070999999999999995,0.00021999999999999998,0.0034000000000000002
2024-07-01,0.0023,-0.0106,-0.0049,0.0049,-0.0034000000000000002,0.00021,0.0088
2024-07-02,0.005699999999999999,-0.004699999999999999,0.004,0.0048,-0.0060999999999999995,0.00021,-0.005
2024-07-03,0.0048,-0.0029,-0.0069,-0.0002,0.0058,0.00021,0.0021
2024-07-05,0.0048,-0.0079,-0.0143,-0.0033,-0.0103,0.00021,-0.0029
2024-07-08,0.001,0.0052,-0.0019,-0.0032,0.004699999999999999,0.00021,0.003
2024-07-09,0.0,-0.0060999999999999995,0.005,-0.004699999999999999,0.0067,0.00021,0.0045000000000000005
2024-07-10,0.0097,-0.0013,0.0040999999999999995,0.0019,0.0018,0.00021,0.0037
2024-07-12,0.0058,0.0063,-0.004699999999999999,-0.0046,0.0013,0.00021,-0.0074
2024-07-15,0.0038,0.011699999999999999,0.005699999999999999,-0.0024,-0.0037,0.00021,0.0066
2024-07-17,-0.0149,0.005,0.0246,0.0077,-0.0011,0.00021,-0.0187
2024-07-18,-0.0095,-0.0113,0.0003,0.0096,0.004,0.00021,0.0089
2024-07-19,-0.0068000000000000005,0.0008,-0.0014000000000000002,-0.0011,-0.0049,0.00021,0.0049
2024-07-22,0.0108,0.0053,-0.005600000000000001,-0.0034000000000000002,0.0069,0.00021,0.0058
2024-07-23,-0.0007000000000000001,0.0116,0.0001,-0.0044,-0.0017000000000000001,0.00021,0.0072
2024-07-24,-0.024,0.0004,0.0173,0.0014000000000000002,0.0005,0.00021,-0.0049
2024-07-25,-0.003,0.0165,0.0068000000000000005,-0.0012,0.0014000000000000002,0.00021,-0.0169
2024-07-26,0.011000000000000001,0.005600000000000001,-0.0017000000000000001,0.0006,0.0013,0.00021,0.0014000000000000002
2024-07-29,-0.0002,-0.009899999999999999,-0.0048,0.006500000000000001,-0.0022,0.00021,-0.005
2024-07-30,-0.005,0.0070999999999999995,0.0137,0.0042,-0.0105,0.00021,-0.0108
2024-07-31,0.0152,-0.0097,-0.0134,0.005,0.013999999999999999,0.00021,0.0101
2024-08-01,-0.0161,-0.0123,-0.006500000000000001,0.0087,-0.009300000000000001,0.00021999999999999998,0.0001
2024-08-02,-0.021099999999999997,-0.0121,-0.0075,0.0092,0.008,0.00021999999999999998,-0.0138
2024-08-05,-0.0302,-0.0034000000000000002,0.0001,-0.001,-0.0016,0.00021999999999999998,-0.0016
2024-08-06,0.01,-0.0004,-0.005699999999999999,-0.0011,0.0027,0.00021999999999999998,0.0129
2024-08-07,-0.0083,-0.0045000000000000005,0.0072,0.0068000000000000005,-0.0089,0.00021999999999999998,-0.0015
2024-08-08,0.023799999999999998,0.0009,-0.008100000000000001,-0.0055000000000000005,0.0007000000000000001,0.00021999999999999998,0.0092
2024-08-09,0.0043,-0.0076,-0.0034000000000000002,0.0023,-0.0016,0.00021999999999999998,0.0147
2024-08-12,-0.0008,-0.0087,-0.006,0.0008,0.004,0.00021999999999999998,0.0127
2024-08-13,0.0169,0.0016,-0.0074,-0.0049,0.010700000000000001,0.00021999999999999998,-0.0034000000000000002
2024-08-14,0.003,-0.0109,0.0025,0.0014000000000000002,0.0037,0.00021999999999999998,0.0077
2024-08-15,0.0177,0.0096,-0.0076,-0.0045000000000000005,0.0042,0.00021999999999999998,0.0006
2024-08-16,0.0022,0.0004,0.0077,-0.0023,0.0051,0.00021999999999999998,0.0009
2024-08-19,0.0098,0.0023,-0.0026,-0.0103,0.0048,0.00021999999999999998,0.0021
2024-08-20,-0.0031,-0.0075,-0.006500000000000001,0.0037,-0.006500000000000001,0.00021999999999999998,0.0007000000000000001
2024-08-21,0.0051,0.0085,-0.0064,-0.0042,0.0019,0.00021999999999999998,0.001
2024-08-22,-0.0096,-0.0024,0.0137,0.005,-0.0024,0.00021999999999999998,0.0033
2024-08-23,0.0129,0.019,0.0084,-0.0051,0.0070999999999999995,0.00021999999999999998,0.0014000000000000002
2024-08-26,-0.0034000000000000002,0.0034000000000000002,0.0019,0.0014000000000000002,-0.0005,0.00021999999999999998,-0.0043
2024-08-27,0.0005,-0.0088,0.0002,0.0027,0.0024,0.00021999999999999998,0.0052
2024-08-28,-0.0066,-0.0021,0.0115,0.005600000000000001,-0.0018,0.00021999999999999998,0.0033
2024-08-29,0.0007000000000000001,0.0067,0.003,-0.0012,-0.0121,0.00021999999999999998,-0.0077
2024-08-30,0.0098,-0.005600000000000001,0.0006,-0.0019,-0.0014000000000000002,0.00021999999999999998,0.0066
2024-09-03,-0.0226,-0.0073,0.0138,0.0064,-0.008100000000000001,0.0002,-0.0072
2024-09-04,-0.0022,0.0011,-0.0058,-0.0026,-0.0007000000000000001,0.0002,-0.0021
2024-09-05,-0.0031,-0.0006,-0.0069,-0.0025,0.0002,0.0002,-0.0036
2024-09-06,-0.0182,-0.0008,0.0018,0.0033,-0.0005,0.0002,-0.0015
2024-09-09,0.0109,-0.0106,-0.0073,-0.0108,0.0037,0.0002,0.0089
2024-09-10,0.004,-0.0028000000000000004,-0.0083,-0.0007000000000000001,-0.0017000000000000001,0.0002,-0.0003
2024-09-11,0.0104,-0.006500000000000001,-0.0165,-0.002,0.0058,0.0002,0.0087
2024-09-12,0.008,0.0046,-0.0052,0.0039000000000000003,-0.0007000000000000001,0.0002,0.005699999999999999
2024-09-13,0.006999999999999999,0.0191,0.0002,-0.0028000000000000004,0.003,0.0002,-0.0019
2024-09-16,0.0016,0.0,0.0091,0.0037,-0.0045000000000000005,0.0002,-0.0017000000000000001
2024-09-17,0.0008,0.0077,0.0055000000000000005,0.0038,-0.0032,0.0002,-0.0042
2024-09-18,-0.0025,0.0026,0.0027,0.0005,-0.0037,0.0002,0.0002
2024-09-19,0.0177,0.0033,-0.002,-0.002,-0.0004,0.0002,0.0060999999999999995
2024-09-20,-0.0027,-0.0078000000000000005,-0.0063,0.0023,-0.0034999999999999996,0.0002,0.006999999999999999
2024-09-23,0.0021,-0.008100000000000001,-0.0011,0.0044,-0.0024,0.0002,-0.005699999999999999
2024-09-24,0.0024,-0.0011,-0.0058,-0.0028000000000000004,0.008100000000000001,0.0002,-0.0001
2024-09-25,-0.0029,-0.0092,-0.006999999999999999,-0.0005,0.0015,0.0002,0.0098
2024-09-26,0.0043,0.0021,0.0043,-0.0053,0.0055000000000000005,0.0002,-0.0064
2024-09-27,-0.0009,0.006999999999999999,0.005600000000000001,0.0012,-0.0007000000000000001,0.0002,-0.0166
2024-09-30,0.0036,-0.0009,0.0015,0.004,-0.0002,0.0002,0.0060999999999999995
2024-10-01,-0.0097,-0.006500000000000001,-0.0003,0.008,-0.0059,0.00017,-0.0045000000000000005
2024-10-02,0.0,-0.0027,-0.0018,-0.0049,0.004,0.00017,0.0049
2024-10-03,-0.0023,-0.0066,0.0019,0.0045000000000000005,0.0032,0.00017,0.008
2024-10-04,0.0103,0.0049,0.0028000000000000004,-0.0054,-0.0017000000000000001,0.00017,0.0004
2024-10-07,-0.0097,-0.0019,0.0029,0.0007000000000000001,0.0077,0.00017,0.0002
2024-10-08,0.0087,-0.0075,-0.011399999999999999,-0.0031,0.0021,0.00017,0.014499999999999999
2024-10-09,0.0069,-0.004699999999999999,0.0018,0.0015,-0.0023,0.00017,0.0008
2024-10-10,-0.002,-0.0038,0.0009,0.0014000000000000002,0.0015,0.00017,-0.0015
2024-10-11,0.0075,0.0127,0.0076,-0.0098,0.0,0.00017,0.011000000000000001
2024-10-14,0.006999999999999999,-0.0012,-0.0032,-0.001,0.0048,0.00017,0.0049
2024-10-15,-0.0072,0.0098,0.0051,-0.0026,-0.0045000000000000005,0.00017,0.0031
2024-10-16,0.0052,0.0104,0.0054,-0.0033,0.0066,0.00017,0.0026
2024-10-17,-0.0005,-0.0009,0.0016,0.0028000000000000004,0.0007000000000000001,0.00017,-0.002
2024-10-18,0.0036,-0.0044,-0.0075,-0.005699999999999999,0.0014000000000000002,0.00017,0.0006
2024-10-21,-0.0029,-0.0137,-0.012,-0.0016,0.0044,0.00017,0.0048
2024-10-22,-0.0011,-0.0026,0.005699999999999999,0.0011,-0.0032,0.00017,0.0005
2024-10-23,-0.0097,-0.0002,0.0109,0.0028000000000000004,-0.0009,0.00017,-0.0033
2024-10-24,0.0029,0.0008,-0.0029,-0.0002,-0.0034000000000000002,0.00017,0.0001
2024-10-25,-0.0008,-0.0028000000000000004,-0.0083,0.0007000000000000001,-0.0032,0.00017,-0.0006
2024-10-28,0.0038,0.0134,0.0063,-0.006,-0.0009,0.00017,0.0039000000000000003
2024-10-29,0.0015,-0.0022,-0.0108,-0.003,-0.0013,0.00017,0.0054
2024-10-30,-0.0032,0.0017000000000000001,0.0075,0.0040999999999999995,-0.0011,0.00017,-0.0033
2024-10-31,-0.018000000000000002,-0.0001,0.0064,0.0042,0.0019,0.00017,-0.011200000000000002
2024-11-01,0.004699999999999999,0.0033,-0.010700000000000001,-0.0037,0.0017000000000000001,0.0002,-0.0028000000000000004
2024-11-04,-0.0027,0.006999999999999999,-0.0055000000000000005,0.0017000000000000001,0.0037,0.0002,-0.004699999999999999
2024-11-05,0.013000000000000001,0.0066,-0.0014000000000000002,-0.004,-0.002,0.0002,0.0084
2024-11-08,0.0043,0.0037,-0.0051,-0.0036,-0.0076,0.0002,0.010700000000000001
2024-11-11,0.0032,0.0113,0.0084,-0.0087,-0.0075,0.0002,-0.0092
2024-11-12,-0.0038,-0.0134,0.0014000000000000002,0.0058,0.0049,0.0002,0.004
2024-11-13,-0.0012,-0.0095,0.0018,0.0036,0.0015,0.0002,-0.0066
2024-11-14,-0.0070999999999999995,-0.0068000000000000005,0.0070999999999999995,0.0069,0.0016,0.0002,0.0016
2024-11-15,-0.0138,-0.0038,0.0165,0.0017000000000000001,-0.003,0.0002,-0.0021
2024-11-18,0.0040999999999999995,-0.0034999999999999996,-0.0003,-0.0012,-0.0055000000000000005,0.0002,-0.0027
2024-11-19,0.0049,0.0025,-0.016399999999999998,-0.0091,0.0055000000000000005,0.0002,0.0128
2024-11-20,0.0004,0.0006,-0.0011,0.0005,-0.0007000000000000001,0.0002,-0.0025
2024-11-21,0.006500000000000001,0.0091,0.0029,-0.0038,0.0064,0.0002,-0.002
2024-11-22,0.0053,0.013999999999999999,0.0042,-0.0068000000000000005,-0.0063,0.0002,-0.0037
2024-11-25,0.0040999999999999995,0.0129,0.0023,0.0006,-0.0046,0.0002,-0.0128
2024-11-26,0.0042,-0.0108,-0.0067,0.0055000000000000005,-0.0034999999999999996,0.0002,0.0123
2024-11-27,-0.004,0.0044,0.004699999999999999,-0.0059,0.001,0.0002,-0.0084
2024-11-29,0.0054,-0.0005,-0.0064,-0.0006,0.0032,0.0002,0.0007000000000000001
2024-12-02,0.0023,0.0019,-0.006500000000000001,0.0052,-0.0039000000000000003,0.00017,-0.0063
2024-12-03,0.0004,-0.0078000000000000005,-0.005600000000000001,0.0036,-0.0014000000000000002,0.00017,0.0089
2024-12-04,0.006999999999999999,-0.0019,-0.0126,-0.010700000000000001,-0.0005,0.00017,0.0059
2024-12-05,-0.0028000000000000004,-0.0096,0.0048,0.0053,-0.0011,0.00017,0.006999999999999999
2024-12-06,0.0034999999999999996,0.0039000000000000003,-0.010700000000000001,-0.0106,-0.006999999999999999,0.00017,0.0018
2024-12-09,-0.0073,0.0044,0.0013,0.006999999999999999,-0.0003,0.00017,-0.027999999999999997
2024-12-10,-0.0036,0.001,0.0014000000000000002,0.011200000000000002,-0.0070999999999999995,0.00017,-0.0006
2024-12-11,0.0087,-0.0018,-0.0058,-0.0007000000000000001,-0.0039000000000000003,0.00017,0.013500000000000002
2024-12-12,-0.0062,-0.0077,0.0040999999999999995,0.0036,0.0014000000000000002,0.00017,-0.0028000000000000004
2024-12-13,-0.0006,-0.005,-0.003,0.0031,-0.003,0.00017,0.0066
2024-12-16,0.0046,0.004,-0.0106,-0.0109,-0.009300000000000001,0.00017,0.011399999999999999
2024-12-17,-0.0049,-0.0054,-0.005600000000000001,0.0009,-0.0007000000000000001,0.00017,-0.006500000000000001
2024-12-18,-0.0317,-0.0127,0.0009,0.0106,0.0076,0.00017,-0.0086
2024-12-19,-0.0012,-0.0025,-0.0001,0.0028000000000000004,0.0016,0.00017,0.009399999999999999
2024-12-20,0.010700000000000001,-0.0026,0.0007000000000000001,-0.012,0.0064,0.00017,0.0019
2024-12-23,0.0060999999999999995,-0.0086,-0.002,0.003,0.0066,0.00017,-0.0007000000000000001
2024-12-24,0.0111,-0.0012,-0.0006,-0.0011,-0.0036,0.00017,0.0066
2024-12-26,0.0001,0.010700000000000001,-0.0019,-0.0042,0.0036,0.00017,0.0
2024-12-27,-0.011699999999999999,-0.0044,0.005699999999999999,0.0038,0.0004,0.00017,-0.0085
2024-12-30,-0.0109,0.0025,0.0074,0.0054,0.0014000000000000002,0.00017,0.0009
2024-12-31,-0.0046,0.0032,0.0070999999999999995,0.0032,0.0002,0.00017,-0.0106
2025-01-02,-0.0016,-0.0002,-0.0032,-0.0064,0.0060999999999999995,0.00018999999999999998,0.0049
2025-01-03,0.0134,0.0029,-0.009399999999999999,-0.0126,0.0037,0.00018999999999999998,0.0079
2025-01-06,0.0055000000000000005,-0.0062,-0.0034000000000000002,-0.004,0.0055000000000000005,0.00018999999999999998,0.0002
2025-01-07,-0.0118,0.0013,0.0084,0.002,-0.0105,0.00018999999999999998,-0.0158
2025-01-08,0.001,-0.0058,-0.0012,0.0077,-0.0002,0.00018999999999999998,0.0072
2025-01-10,-0.0155,-0.008199999999999999,-0.0019,0.0115,-0.0051,0.00018999999999999998,-0.0044
2025-01-13,0.0012,-0.0018,0.012,0.0075,-0.0025,0.00018999999999999998,-0.009000000000000001
2025-01-14,0.0017000000000000001,0.0078000000000000005,0.0165,0.004,-0.0032,0.00018999999999999998,0.0077
2025-01-15,0.0191,0.0026,0.0009,-0.005699999999999999,-0.0028000000000000004,0.00018999999999999998,0.015700000000000002
2025-01-16,-0.0019,0.0015,0.0018,-0.0039000000000000003,-0.0028000000000000004,0.00018999999999999998,-0.0051
2025-01-17,0.0096,-0.0059,0.0009,-0.0016,0.0008,0.00018999999999999998,0.0079
2025-01-21,0.0096,0.009899999999999999,-0.0102,-0.0089,0.0034000000000000002,0.00018999999999999998,0.0042
2025-01-22,0.0054,-0.0097,-0.012199999999999999,0.0006,0.0038,0.00018999999999999998,0.006999999999999999
2025-01-23,0.0048,-0.0001,-0.0026,-0.0043,0.003,0.00018999999999999998,-0.0048
2025-01-24,-0.0027,0.0006,0.0068000000000000005,0.0005,-0.006,0.00018999999999999998,0.0001
2025-01-28,0.0092,-0.0051,-0.0165,-0.0058,0.0051,0.00018999999999999998,0.0187
2025-01-29,-0.0043,0.0022,0.0049,0.004,-0.0053,0.00018999999999999998,0.0018
2025-01-30,0.0058,0.0034999999999999996,-0.0002,-0.0028000000000000004,0.0006,0.00018999999999999998,0.0060999999999999995
2025-01-31,-0.0053,-0.0038,-0.0018,-0.0039000000000000003,-0.0069,0.00018999999999999998,0.0049
2025-02-03,-0.008199999999999999,-0.0068000000000000005,-0.0025,-0.0022,-0.0040999999999999995,0.00017,0.0021
2025-02-04,0.0077,0.008100000000000001,-0.0011,-0.0032,-0.0032,0.00017,0.0054
2025-02-05,0.0039000000000000003,0.0049,0.003,-0.0038,0.0129,0.00017,0.003
2025-02-06,0.0029,-0.005600000000000001,0.006,0.0033,0.0034999999999999996,0.00017,0.011000000000000001
2025-02-07,-0.0098,-0.0039000000000000003,-0.0002,-0.0059,0.0014000000000000002,0.00017,0.0001
2025-02-10,0.0066,-0.001,-0.0111,-0.0009,0.0028000000000000004,0.00017,-0.0038
2025-02-11,-0.0014000000000000002,-0.0044,0.013000000000000001,0.0148,0.0018,0.00017,-0.0045000000000000005
2025-02-12,-0.0031,-0.0067,-0.006500000000000001,-0.009300000000000001,0.0003,0.00017,0.0007000000000000001
2025-02-13,0.011000000000000001,0.0022,-0.0017000000000000001,-0.0033,0.0038,0.00017,0.0036
2025-02-14,0.0002,-0.0018,0.004699999999999999,-0.0013,0.0075,0.00017,0.0005
2025-02-18,0.0025,-0.0008,0.0028000000000000004,-0.0049,0.0016,0.00017,-0.0070999999999999995
2025-02-19,0.0009,-0.0060999999999999995,-0.0007000000000000001,0.004699999999999999,0.0017000000000000001,0.00017,-0.0031
2025-02-20,-0.0060999999999999995,-0.0054,-0.0014000000000000002,0.005600000000000001,0.0042,0.00017,-0.012
2025-02-21,-0.019,-0.0086,0.0077,0.0059,0.0007000000000000001,0.00017,-0.0129
2025-02-24,-0.005699999999999999,-0.0051,0.012,0.0078000000000000005,-0.0009,0.00017,-0.012199999999999999
2025-02-25,-0.0058,0.0016,0.0070999999999999995,0.0148,-0.0015,0.00017,-0.0046
2025-02-26,0.0002,-0.0009,-0.0034000000000000002,-0.0097,0.0054,0.00017,0.0137
2025-02-27,-0.0165,-0.0024,0.0213,0.0029,-0.01,0.00017,-0.006999999999999999
2025-02-28,0.0159,-0.0083,0.0013,-0.0044,0.0034000000000000002,0.00017,0.014499999999999999
2025-03-03,-0.019299999999999998,-0.009399999999999999,0.0108,0.0043,-0.0088,0.00016,-0.0024
2025-03-04,-0.0127,0.0034999999999999996,-0.021,-0.0021,0.0025,0.00016,-0.0079
2025-03-05,0.0116,0.0016,-0.0083,-0.0070999999999999995,-0.0022,0.00016,-0.0032
2025-03-06,-0.0192,0.0040999999999999995,0.009300000000000001,0.015300000000000001,-0.0011,0.00016,-0.0264
2025-03-07,0.004699999999999999,-0.0007000000000000001,-0.0033,0.0055000000000000005,0.0075,0.00016,-0.0109
2025-03-10,-0.028999999999999998,-0.0018,0.0073,0.015700000000000002,0.0033,0.00016,-0.0215
2025-03-11,-0.0063,0.008,-0.0013,-0.011899999999999999,-0.0045000000000000005,0.00016,0.016
2025-03-12,0.0051,-0.0045000000000000005,-0.0034000000000000002,-0.0139,0.0049,0.00016,0.0194
2025-03-13,-0.0149,-0.0066,0.014199999999999999,0.0008,0.006999999999999999,0.00016,-0.0037
2025-03-14,0.022099999999999998,0.0021,0.0008,-0.0070999999999999995,0.0009,0.00016,0.0079
2025-03-17,0.0072,0.0033,0.0014000000000000002,-0.0054,0.0005,0.00016,-0.008
2025-03-18,-0.0113,0.001,0.0103,0.0037,-0.0018,0.00016,-0.0073
2025-03-19,0.012,0.0044,-0.0040999999999999995,-0.0002,-0.0045000000000000005,0.00016,0.0137
2025-03-20,-0.0024,-0.0042,0.0022,-0.0013,0.0018,0.00016,0.002
2025-03-21,0.0008,-0.0044,-0.0070999999999999995,-0.0006,-0.0029,0.00016,0.0063
2025-03-24,0.019299999999999998,0.005600000000000001,-0.0043,-0.0055000000000000005,-0.0042,0.00016,0.008199999999999999
2025-03-25,0.0012,-0.0089,0.0005,0.0016,-0.0068000000000000005,0.00016,0.0086
2025-03-26,-0.012199999999999999,0.0009,0.015300000000000001,0.0111,-0.0014000000000000002,0.00016,-0.0095
2025-03-27,-0.0042,0.0023,0.003,0.0029,-0.0014000000000000002,0.00016,-0.0049
2025-03-28,-0.0207,-0.0032,0.0040999999999999995,0.0037,0.0075,0.00016,0.0024
2025-03-31,0.004,-0.0086,0.0037,0.0118,-0.0011,0.00016,0.006999999999999999
2025-04-01,0.004,-0.0043,0.0003,0.0066,-0.0039000000000000003,0.00017,0.0073
2025-04-02,0.008100000000000001,0.0083,-0.0011,-0.0060999999999999995,-0.004,0.00017,-0.0033
2025-04-07,-0.0023,-0.0074,-0.0024,-0.0067,0.0016,0.00017,0.0085
2025-04-08,-0.0167,-0.0118,0.0097,0.0017000000000000001,-0.003,0.00017,0.0207
2025-04-11,0.0176,-0.0038,-0.0101,-0.0007000000000000001,0.0,0.00017,-0.0034999999999999996
2025-04-14,0.0079,0.0016,0.0036,-0.0064,0.0008,0.00017,0.0045000000000000005
2025-04-15,-0.0014000000000000002,0.0012,0.0045000000000000005,-0.0086,0.0037,0.00017,0.013999999999999999
2025-04-16,-0.0222,0.0113,0.013300000000000001,0.0007000000000000001,-0.0067,0.00017,-0.0026
2025-04-17,0.0022,0.005699999999999999,0.0074,0.0052,-0.0029,0.00017,-0.0091
2025-04-21,-0.024,0.0019,0.0069,-0.0013,0.0014000000000000002,0.00017,-0.0118
2025-04-22,0.0256,0.0014000000000000002,0.0024,-0.0027,-0.0025,0.00017,0.004699999999999999
2025-04-23,0.0175,-0.0012,-0.0066,-0.0108,0.0005,0.00017,0.0089
2025-04-24,0.021400000000000002,-0.0003,-0.0095,-0.011899999999999999,0.0003,0.00017,-0.0032
2025-04-25,0.0064,-0.004699999999999999,-0.0115,0.0001,-0.0016,0.00017,0.004699999999999999
2025-04-28,0.0008,0.0032,0.0014000000000000002,-0.0003,-0.0017000000000000001,0.00017,0.0011
2025-04-29,0.0058,-0.0007000000000000001,-0.0004,-0.0032,-0.0014000000000000002,0.00017,0.005699999999999999
2025-04-30,0.0003,-0.0085,-0.006,-0.0002,0.0008,0.00017,0.0015
